route_id,route_short_name,route_long_name,route_type,route_color,trip_count,unique_shape_count,direction_count,unique_stop_count,service_id_count,representative_shape_ids,representative_length_km
10232,256,Whitby Estate/Park Royal/Spuraway,3,,88,2,2,37,4,317882|317884,8.839
11201,033,16th & 33rd Avenue,3,,265,2,2,89,3,317484|317485,17.858
11202,042,Alma/Spanish Banks,3,,216,2,2,20,2,317493|317494,3.5
11692,364,64 Avenue,3,,264,2,2,96,5,318046|318047,21.605
11693,388,88 Avenue,3,,66,2,2,93,1,318064|318065,33.92
11696,609,South Delta Exchange/Ladner Exchange,3,,197,2,2,77,3,318254|318255,18.322
12940,595,208 Street,3,,207,4,2,48,5,318223|318225,16.892
13684,414,Richmond Oval/Brighouse Station,3,,88,3,2,23,2,318153|318156,4.478
13686,,Canada Line,1,007c9f,1670,8,2,34,3,318362|318366,14.696
16717,209,Mountain Hwy,3,,71,5,2,92,3,317725|317726,18.305
16718,014,Hastings/UBC Exchange,3,,717,8,2,120,8,318537|318540,18.484
16719,109,New West Station/Lougheed Station,3,,174,2,2,34,3,317557|317558,7.262
17707,337,Fraser Heights/Surrey Central Station,3,,384,6,2,35,5,318001|318003,9.286
18213,231,Harbourside/Lonsdale Quay,3,,10,2,2,10,1,317791|317792,2.508
18705,531,White Rock Centre/Willowbrook,3,,232,5,2,120,4,318197|318201,23.258
20667,555,Port Mann Express,3,,263,2,2,6,3,318202|318203,22.162
22638,188,Coast Meridian Rd,3,,272,2,2,70,5,317719|317720,12.613
22639,227,Lynn Valley/Phibbs Exchange,3,,226,2,2,46,3,317772|317774,7.708
23384,503,Fraser Hwy Express,3,,527,9,2,84,5,318181|318186,35.178
29038,342,Langley Centre/Newton Exchange,3,,289,4,2,88,3,318016|318018,21.291
29039,864,Lord Tweedsmuir School Special,3,,1,1,1,24,1,318352,11.543
29040,840,Brookswood School Special,3,,1,1,1,22,1,318345,7.408
30036,170,Port Coquitlam Station/Port Coquitlam South,3,,250,4,2,34,4,317672|317674,4.138
30037,171,Coquitlam Central Station/Fremont,3,,212,2,2,25,5,317676|317677,6.707
30038,172,Coquitlam Central Station/Riverside,3,,212,3,2,59,4,317678|317680,10.688
30039,173,Coquitlam Central Station/Cedar,3,,208,3,2,57,4,317683|317684,11.715
30040,174,Coquitlam Central Station/Rocklin,3,,209,3,2,68,5,317686|317688,12.89
30041,175,Coquitlam Central Station/Meridian,3,,49,4,2,38,3,317691|317693,8.333
30042,179,Coquitlam Central Station/Buntzen Lake,3,,76,2,2,38,2,317694|317695,11.982
30043,180,Moody Centre Station/Lougheed Station,3,,305,3,2,62,4,317696|317698,9.666
30044,181,Moody Centre Station/Ioco,3,,168,5,2,62,3,317703|318506,14.339
30045,182,Moody Centre Station/Belcarra,3,,160,4,2,74,3,317704|317707,19.154
30046,183,Moody Centre Station/Coquitlam Central Station,3,,279,2,2,73,5,317709|317710,13.323
30047,184,Moody Centre Station/Noons Creek,3,,225,2,2,37,3,317711|317712,6.005
30048,185,Coquitlam Central Station/Lansdowne,3,,225,2,2,27,3,317713|317714,4.45
30049,186,Coquitlam Central Station/Hampton Park,3,,254,2,2,39,5,317715|317716,6.513
30050,187,Coquitlam Central Station/Parkway,3,,240,2,2,39,3,317717|317718,6.48
30051,189,Coquitlam Central Station/Lafarge Park,3,,180,2,2,24,3,317721|317722,4.157
30052,,Millennium Line,1,ffcd00,1292,6,2,34,6,318372|318378,25.517
30053,,Expo Line,1,0033a0,2406,23,2,48,6,318391|318409,28.356
30055,023,Pacific,3,,576,2,2,28,3,317450|317451,5.325
30584,191,Coquitlam Central Station/Princeton,3,,202,2,2,39,3,317723|317724,7.276
31816,360,Ocean Park/Peace Arch Hospital,3,,106,3,2,69,4,318037|318039,12.208
31817,361,Ocean Park/White Rock Centre,3,,107,2,2,85,3,318040|318041,11.419
31818,362,Seaside/White Rock Centre,3,,247,2,2,24,5,318042|318043,3.859
31819,363,Southpoint/Peace Arch Hospital,3,,202,2,2,67,3,318044|318045,12.088
31820,372,Clayton Heights/Langley Centre,3,,176,2,2,47,5,318054|318055,11.104
31821,733,Rock Ridge/Haney Place,3,,137,6,2,42,6,318297|318300,6.833
31822,741,Anderson Creek/Haney Place,3,,144,6,2,46,6,318303|318306,6.829
32799,119,Kingsway,3,,490,2,2,40,3,317575|317576,5.664
33292,133,Holdom Station/Edmonds Station,3,,243,5,2,58,5,317607|317610,8.848
33538,068,UBC Exchange/Wesbrook Village,3,,366,2,2,21,3,317515|317516,6.127
34042,745,Haney Place/Cottonwood,3,,104,6,2,63,5,318315|318317,10.408
34043,746,Haney Place/Albion,3,,102,7,2,58,5,318321|318325,10.698
34044,560,Murrayville/Langley Centre,3,,102,2,2,58,3,318204|318205,10.867
34045,561,Langley Centre/Brookswood,3,,103,3,2,63,4,318206|318208,11.368
34540,719,Meadowtown/Fraser Way,3,,132,2,2,22,3,318292|318293,4.771
34541,722,Meadowtown/Bonson,3,,132,2,2,45,3,318294|318295,7.332
34542,406,Railway Ave,3,,470,3,2,76,5,318109|318110,10.371
34543,408,Garden City,3,,348,7,2,61,9,318130|318133,10.285
34544,282,Mt Gardner/Snug Cove,3,,24,2,2,8,2,317899|317900,5.186
36799,249,Lonsdale Quay/Delbrook,3,,218,2,2,47,5,317830|317832,5.934
37807,R5,Hastings St,3,008522,1003,12,2,34,6,318471|318476,17.719
37808,R1,King George Blvd,3,008522,590,6,2,25,3,318452|318456,11.34
37809,R3,Lougheed Hwy,3,008522,491,2,2,16,5,318462|318463,17.297
37810,R4,41st Avenue,3,008522,821,2,2,34,3,318464|318465,19.241
38311,R2,Marine Drive,3,008522,557,4,2,21,5,318458|318460,10.196
39304,031,Metrotown Station/River District,3,,240,2,2,28,3,317482|317483,5.415
39305,222,Willingdon Express,3,,108,2,2,13,3,317768|317769,11.787
39307,245,Phibbs Exchange/Capilano University,3,,354,2,2,13,3,317818|317819,3.392
40855,350,White Rock Centre/Crescent Beach,3,,273,3,2,62,3,318026|318027,9.413
44845,900,Bike Bus,3,,102,2,2,11,3,318359|318360,27.934
45596,080,Marine Dr Express,3,,52,2,2,15,1,317517|317518,7.132
46099,102,New West Station/Victoria  Hill,3,,408,2,2,18,3,317543|317544,3.417
46604,R6,Scott Road,3,008522,662,2,2,26,3,318477|318478,12.099
48855,338,East Fraser Heights/Guildford,3,,154,2,2,31,3,318005|318006,6.929
53126,736,Haney Place/Golden Ears,3,,112,2,2,24,2,318507|318508,15.197
53127,566,Campbell Valley/Langley Centre,3,,52,2,2,47,2,318535|318536,12.633
6612,002,Macdonald,3,,600,4,2,64,3,317230|317232,10.461
6613,003,Main,3,,476,2,2,75,3,317234|317235,10.561
6614,004,Powell/UBC Exchange,3,,447,13,2,99,5,318518|318524,17.965
6615,005,Robson,3,,672,7,2,29,3,317252|317256,3.663
6616,006,Davie,3,,672,3,2,29,3,317259|317260,3.218
6617,007,Nanaimo Station/Dunbar,3,,444,15,2,123,5,317263|317269,19.109
6618,008,Fraser,3,,533,9,2,85,3,317280|317287,9.931
6619,009,Broadway,3,,640,11,2,85,5,317297|317304,12.139
6620,010,Granville,3,,501,8,2,72,5,317321|317325,12.357
6621,015,Cambie,3,,458,2,2,45,3,317356|317357,6.891
6622,016,29th Avenue Station/Arbutus,3,,889,15,2,158,10,317366|317386,20.519
6623,017,Oak,3,,453,3,2,66,5,317397|317400,11.58
6624,019,Kingsway,3,,1087,20,2,106,8,317405|317413,15.015
6625,020,Victoria,3,,560,10,2,100,5,317421|317427,11.942
6626,022,Knight,3,,499,13,2,109,3,317435|317445,11.376
6627,025,King Edward,3,,481,8,2,128,3,317452|317457,23.988
6628,026,Joyce Station/29th Avenue Station,3,,282,3,2,82,5,317463|317464,10.735
6629,027,Rupert,3,,279,6,2,64,4,317465|317468,6.133
6630,028,Boundary,3,,336,6,2,63,3,317474|317478,12.201
6631,029,Elliott/29th Avenue Station,3,,260,2,2,38,3,317480|317481,4.463
6633,041,41st Avenue,3,,497,7,2,96,3,317487|317492,12.507
6635,044,UBC Exchange/Downtown Express,3,,105,2,2,29,1,317496|317498,12.066
6636,049,49th Avenue,3,,662,8,2,109,3,317500|317503,21.648
6637,050,Waterfront Station/False Creek South,3,,484,5,2,37,5,317508|317510,7.011
6638,084,4th Avenue Express,3,,271,2,2,39,3,317519|317520,13.66
6641,099,Broadway B-Line,3,d04110,957,10,2,40,5,317522|317528,14.051
6642,100,Marine Drive,3,,564,6,2,91,3,317532|317534,16.519
6643,101,Lougheed Station/22nd St Station,3,,219,3,2,60,4,317540|317541,11.093
6644,104,22nd St Station/Annacis Island,3,,263,4,2,43,3,317548|317551,11.317
6645,106,6th Street,3,,524,2,2,48,3,317555|317556,6.271
6646,110,Lougheed Station/Metrotown Station,3,,236,6,2,106,5,317559|317562,17.246
6647,112,12th Street,3,,372,3,2,31,5,317566|317567,5.041
6648,116,North Fraser Way,3,,255,5,2,79,5,317571|317573,15.003
6649,123,Canada Way,3,,456,7,2,74,4,317577|317582,11.881
6650,129,Patterson Station/Holdom Station,3,,240,3,2,84,3,317590|317592,11.879
6651,130,Willingdon,3,,558,7,2,57,5,317596|317601,11.838
6652,134,Lake City Station/Brentwood Station,3,,212,6,2,78,4,317612|317617,12.086
6654,136,Lougheed Station/Brentwood Station,3,,213,3,2,77,5,317618|317619,13.805
6656,143,SFU Exchange/Burquitlam Station,3,,80,2,2,10,1,317621|317622,6.98
6657,144,SFU Exchange/Metrotown Station,3,,282,4,2,89,5,317623|317626,19.265
6658,145,SFU Exchange/Production Station,3,,386,2,2,12,3,317628|317629,8.088
6659,151,Como Lake Ave,3,,240,4,2,63,5,317638|317640,8.767
6660,152,Coquitlam Central Station/Lougheed Station,3,,244,7,2,105,5,317642|317648,12.413
6661,153,Coquitlam Central Station/Braid Station,3,,233,3,2,72,4,317651|317652,11.317
6662,128,8th Avenue,3,,271,3,2,49,5,317586|317588,7.213
6663,155,6th Avenue,3,,241,2,2,47,3,317653|317654,7.514
6664,156,Braid Station/Lougheed Station,3,,193,2,2,100,3,317655|317656,14.942
6665,157,Burquitlam Station/Lougheed Station,3,,224,2,2,61,3,317657|317658,11.123
6666,159,Coquitlam Central Station/Braid Station,3,,223,7,2,90,5,317661|317665,19.516
6667,160,Port Coquitlam Station/Kootenay Loop,3,,403,2,2,111,5,317668|317669,26.028
6668,169,Coquitlam Central Station/Braid Station,3,,233,2,2,31,3,317670|317671,11.044
6672,210,Mountain Hwy Express,3,,216,9,2,76,5,317731|317737,18.305
6673,211,Seymour/Phibbs Exchange/Burrard Station,3,,276,11,2,86,5,317743|317751,21.057
6674,212,Dollarton Hwy,3,,205,5,2,39,5,317753|317755,8.764
6675,214,Blueridge/Phibbs Exchange/Burrard Station,3,,200,6,2,54,3,317760|317764,5.945
6676,228,Grand Blvd,3,,261,7,2,63,5,317777|317781,8.331
6677,229,Lonsdale Ave,3,,271,2,2,45,7,317783|317784,6.249
6678,230,Lonsdale Ave,3,,225,6,2,47,3,317787|317789,5.933
6679,232,Grouse Mountain/Phibbs Exchange,3,,195,5,2,93,4,317794|317798,13.333
6680,236,Grouse Mountain/Lonsdale Quay,3,,311,4,2,56,5,317800|317803,9.705
6682,240,Lynn Valley/Downtown,3,,476,7,2,77,5,317805|317810,14.742
6683,241,Upper Lonsdale/Downtown,3,,30,4,2,74,1,317815|317816,14.456
6685,246,Highland/Downtown,3,,219,7,2,67,5,317820|317822,13.432
6686,247,Grouse Mountain/Downtown,3,,10,3,2,61,1,317827|317828,16.453
6687,250,Horseshoe Bay/Dundarave/Vancouver,3,,632,13,2,119,3,317840|317847,10.841
6688,251,Queens/Park Royal,3,,111,2,2,83,3,317853|317854,9.657
6689,252,Inglewood/Park Royal,3,,110,2,2,51,3,317855|317857,6.817
6690,253,Caulfeild/Vancouver/Park Royal,3,,110,4,2,95,3,317860|317862,10.399
6691,254,British Properties/Park Royal/Van,3,,102,7,2,120,3,317864|317869,8.531
6692,255,Dundarave/Capilano University,3,,279,5,2,101,3,317874|317876,15.756
6693,257,Horseshoe Bay/Vancouver Express,3,,400,2,2,15,5,317885|317886,22.017
6698,301,Newton Exchange/Brighouse Station Express,3,,257,2,2,34,3,317901|317902,29.532
6699,311,Scottsdale/Bridgeport Station,3,,25,2,2,29,1,317908|317909,29.09
6700,312,112 Street,3,,243,5,2,64,5,317910|317913,12.262
6701,314,Surrey Central Station/Sunbury,3,,131,7,2,68,4,317916|317921,5.918
6702,316,116 Street,3,,181,4,2,73,3,317925|317926,11.813
6703,319,Scott Road,3,,514,6,2,60,3,317929|317932,12.732
6704,320,Langley/Fleetwood/Surrey Central Station,3,,422,6,2,125,3,317934|317937,24.694
6705,321,King George Blvd,3,,627,17,2,143,3,317942|317952,22.255
6706,323,128 Street,3,,602,4,2,70,3,317959|317963,10.895
6707,324,132 Street,3,,293,4,2,64,5,317967|317970,11.017
6708,325,140 Street,3,,264,6,2,55,5,317972|317976,8.281
6709,326,Guildford/Surrey Central Station,3,,106,3,2,68,5,317979|317980,12.415
6710,329,Surrey Central Station/Scottsdale,3,,37,5,2,64,2,317985|322475,11.029
6712,335,Newton Exchange/Surrey Central Station,3,,519,11,2,111,5,317988|317992,18.899
6713,340,Scottsdale/22nd St Station,3,,285,2,2,27,3,318007|318008,16.501
6714,345,152 Street,3,,108,4,2,88,3,318022|318023,20.481
6715,351,White Rock Centre/Bridgeport Station,3,,443,4,2,46,3,318028|318030,38.177
6716,352,White Rock Centre/Bridgeport Station,3,,22,2,2,72,1,318032|318033,43.574
6717,354,White Rock South/Bridgeport Station,3,,19,2,2,79,3,318034|318035,45.441
6718,391,116 Street,3,,12,2,2,56,3,318067|318068,10.618
6719,393,128 Street,3,,12,4,2,81,1,318070|318071,13.631
6720,394,White Rock Centre/King George Station,3,,30,2,2,44,3,318073|318074,21.233
6721,395,Langley Centre/King George Station,3,,20,2,2,80,1,318075|318076,21.027
6722,401,Brighouse Station/One Road,3,,374,3,2,65,5,318077|318078,9.468
6723,402,Brighouse Station/Two Road,3,,250,3,2,71,3,318080|318082,9.474
6724,403,Bridgeport Station/Three Road,3,,379,6,2,84,3,318084|318088,13.279
6725,404,Brighouse Station/Four Road,3,,217,7,2,55,4,318093|318096,9.47
6726,405,Five Road/Cambie,3,,183,10,2,104,3,318098|318106,19.161
6727,407,Gilbert/Bridgeport,3,,229,11,2,138,5,318112|318119,19.904
6728,410,Brighouse Station/22nd St Station,3,,516,7,2,97,5,318137|318139,21.852
6730,430,Metrotown Station/Brighouse Station,3,,326,2,2,47,5,318164|318165,18.814
6737,501,Langley Centre/Surrey Central Station,3,,307,4,2,92,5,318170|318172,27.011
6738,502,Fraser Hwy,3,,484,3,2,65,3,318174|318177,18.579
6739,509,Walnut Grove/Surrey Central Station,3,,26,7,2,107,3,318192|318196,24.876
6741,601,Bridgeport Station/South Delta,3,,343,12,2,108,4,318226|318235,30.181
6742,602,Bridgeport Station/Tsawwassen Heights,3,,18,2,2,45,1,318239|318240,26.107
6743,603,Bridgeport Station/Beach Grove,3,,26,5,2,46,1,318242|318245,6.128
6744,604,Bridgeport Station/English Bluff,3,,24,4,2,47,1,318247|318248,6.131
6745,606,Ladner Ring,3,,12,2,2,35,2,318250|318251,5.477
6746,608,Ladner Ring,3,,12,2,2,33,1,318252|318253,4.87
6747,620,Tsawwassen Ferry/Bridgeport Station Exp,3,,265,2,2,12,5,318266|318267,27.827
6748,640,River Road,3,,330,13,2,79,3,318273|318280,25.022
6749,701,Coquitlam Central Station/Haney Place/Maple Ridge E,3,,421,10,2,117,7,318283|318289,24.646
6754,855,Elgin Park School Special,3,,2,2,2,96,1,318347|318348,18.459
6761,880,Windsor School Special,3,,1,1,1,7,1,318356,3.627
6762,881,Carson Graham School Special,3,,2,2,2,25,1,318357|318358,5.316
6770,WCE,West Coast Express,2,87189d,14,2,2,21,3,318416|318417,67.905
6771,,SeaBus,4,746661,484,2,2,4,8,318418|318419,3.197
6776,131,Hastings @ Gilmore/Kootenay Loop,3,,104,2,2,33,3,317603|317604,4.486
6777,280,Bluewater/Snug Cove,3,,44,4,2,17,3,317891|317893,12.505
6778,281,Eagle Cliff/Snug Cove,3,,44,2,2,11,3,317895|317897,5.619
6779,262,Lions Bay/Caulfeild,3,,112,2,2,21,3,317887|317890,19.583
6780,215,Indian River/Phibbs Exchange,3,,198,3,2,38,3,317765|317767,6.904
6790,103,New West Station/Quayside,3,,404,2,2,9,3,317545|317546,1.426
6796,105,New West Station/Uptown,3,,204,2,2,50,3,317553|317554,6.803
6799,743,Haney Place/Meadowtown,3,,103,4,2,73,3,318309|318311,12.015
6800,744,Haney Place/Meadowtown,3,,102,3,2,69,3,318313|318314,11.449
6804,748,Thornhill/Haney Place,3,,26,5,2,70,2,318329|318332,18.747
6805,749,Ruskin/Haney Place,3,,27,6,2,79,2,318335|318336,20.182
6806,148,Royal Oak Station/Edmonds Station,3,,237,2,2,41,3,317634|317635,6.329
6811,146,Metrotown Station/Suncrest,3,,188,2,2,20,3,317630|317631,3.283
6814,562,Langley Centre/Walnut Grove,3,,184,2,2,82,4,318209|318212,21.772
6815,563,Langley Centre/Fernridge,3,,98,2,2,64,4,318215|318218,12.705
6816,564,Langley Centre/Willowbrook,3,,76,2,2,64,3,318220|318221,11.696
6817,147,Metrotown Station/Edmonds Station,3,,270,2,2,43,5,317632|317633,6.639
6818,371,Surrey Central Station/Scott Rd Station,3,,172,2,2,43,4,318052|318053,8.193
6819,373,Guildford/Surrey Central Station,3,,359,6,2,85,4,318058|318061,13.676
6821,322,Newton Exchange/Scottsdale,3,,397,2,2,78,3,317957|317958,14.68
6822,310,Scottsdale/Ladner,3,,209,5,2,71,3,317903|317906,21.691
6823,616,Ladner South/Ladner Exchange,3,,120,2,2,26,3,318258|318259,3.809
6825,618,Ladner North/Ladner Exchange,3,,116,4,2,55,3,318260|318262,4.269
6827,412,Bridgeport Station/Sea Island South,3,,115,4,2,17,4,318143|318144,6.901
6828,413,Riverport/Steveston,3,,111,6,2,76,7,318146|318152,12.845
6829,416,East Cambie/Brighouse Station,3,,28,2,2,61,1,318157|318158,10.904
6830,N10,Granville-YVR,3,,38,3,2,94,3,318422|318425,24.816
6831,N15,Cambie,3,,18,2,2,53,3,318426|318427,9.726
6833,N17,West Broadway,3,,21,2,2,65,3,318428|318429,11.732
6834,N19,Kingsway,3,,57,3,2,168,4,318430|318432,29.778
6835,N20,Victoria,3,,38,2,2,118,3,318433|318434,16.061
6836,N22,Macdonald,3,,18,2,2,62,3,318435|318436,10.846
6837,N24,Downtown/Lynn Valley,3,,49,8,2,102,5,318438|318442,18.416
6838,N35,Hastings St,3,,50,2,2,95,3,318445|318446,17.663
6840,N8,Fraser,3,,36,2,2,97,3,318447|318448,12.594
6841,N9,Broadway-Lougheed,3,,76,3,2,163,3,318450|318451,34.813
6843,614,English Bluff/South Delta Exchange,3,,72,2,2,40,3,318256|318257,6.653
6844,619,South Delta Exchange/Boundary Bay,3,,76,2,2,29,3,318264|318265,5.543
7224,791,Haney Place/Braid Station,3,,89,4,2,85,3,318342|318344,27.413
7321,375,152 Street,3,,231,2,2,109,3,318062|318063,22.779
7322,132,Capitol Hill/Hastings @ Gilmore,3,,104,2,2,28,3,317605|317606,3.654
7509,150,Coquitlam Central Station/White Pine Beach,3,,182,2,2,43,3,317636|317637,11.181
8286,370,Cloverdale/Willowbrook,3,,94,2,2,58,3,318048|318050,10.961
8289,865,Samuel Robertson School Special,3,,2,1,1,20,1,318354,7.424
8290,341,Guildford/Newton Exchange,3,,216,6,2,78,4,318009|318013,10.594
9745,418,Kingswood/22nd St Station,3,,61,5,2,32,3,318160|318162,13.516
HD,HD,HandyDART,715,,1,1,1,0,1,,
