model,observation_id,predicted_exports_usd
1,253,119344785.39448118
1,254,194995507.89430052
1,255,552689.03863911587
1,256,59937970.978449032
1,257,189022825.55527118
1,258,13283403.712462977
1,259,61148788.717346527
1,260,161781616.4104422
1,261,33991452.748720795
1,262,3209136.1963892211
1,263,408841839.52993596
1,264,12059284050.669222
1,265,0
1,266,541967160.76064324
1,267,0.60888882553087276
1,268,1293831789.6911173
1,269,0
1,270,692727471.8897146
1,271,0
1,272,1538288666.4915211
1,273,8122.2182252764496
1,274,3314485310.8282542
1,275,0.19631397304478279
1,276,3151690012.7661242
1,277,156390.07678612581
1,278,2551294833.1138864
1,279,2.2048511634660035
1,280,11682332755.712196
1,281,35855.14212630532
1,282,6176482035.0431166
1,283,3.3342387428792928
1,284,1194421134.2357593
1,285,114851348.34090669
1,286,23697535062.144123
1,287,8739843.8914740514
1,288,43990478527.821121
1,289,0
1,290,3531875999.5857654
1,291,0
1,292,6147436953.6950636
1,293,0
1,294,1951184126.8954439
1,295,0
1,296,1279265937.5413539
1,297,0
1,298,4594588812.8534155
1,299,0.19397336488128683
1,300,50386120218.907837
1,301,13.578911376212467
1,302,1616339111.5971043
1,303,516.68523202989093
1,304,151129482.84638515
1,305,0.93988343743450486
1,306,1344103624.5597172
1,307,0.12801678305766151
1,308,302624555.06117624
1,309,0.54263279185052482
1,310,755307950.86113596
1,311,253508.30757798464
1,312,56224897877.76342
1,313,878.24338482763778
1,314,255951995.84781182
1,315,13458.465494059506
1,316,5156685700.6612425
1,317,33760.448507265428
1,318,3033715566.5220437
1,319,2916.6384390716262
1,320,2090633622.5237594
1,321,2.0670014788999609
1,322,330122873.45720613
1,323,184950.03734546516
1,324,7235703970.9265165
1,325,11672605.048485419
1,326,5991222172.494853
1,327,133385297.30997987
1,328,4332984330.5916462
1,329,5950.6242292800998
1,330,4838481259.468811
1,331,190275400.32547906
1,332,1234959219.2386029
1,333,614495072.15105236
1,334,6315528444.8026428
1,335,8981.8976653465634
1,336,650178098.02566922
2,253,675490.78658031311
2,254,67858078.764894277
2,255,319164.7296778927
2,256,32108608.11648079
2,257,150935.86278002599
2,258,15174295.761275506
2,259,107025.39264483323
2,260,10786892.66620029
2,261,640816.57143202517
2,262,64506175.088560909
2,263,136711259.50486612
2,264,13785783792.528181
2,265,1.0119777198139606
2,266,202066699.00007963
2,267,3.3990417052610691
2,268,557785765.30681312
2,269,5.1638063968239187
2,270,820795141.71913838
2,271,0.2994728025572761
2,272,95054744.323470592
2,273,8.3404436452163928
2,274,1296541028.9578753
2,275,20.228754606839981
2,276,3078455281.9120364
2,277,22918.951067125832
2,278,3253081358.5519586
2,279,134416.42321652349
2,280,18977879383.921986
2,281,26646.511950100838
2,282,3765072415.8063726
2,283,9545.0993205659724
2,284,1352123173.3439543
2,285,485637.49130004493
2,286,68705607707.634499
2,287,332622.18776417093
2,288,47140173660.344162
2,289,0
2,290,613725132.39122379
2,291,1.3290954967353883
2,292,11148256327.95929
2,293,0
2,294,1503021686.8940918
2,295,0
2,296,297040859.90172577
2,297,0.19262060586071209
2,298,3545693669.4425559
2,299,1.0702617649653519
2,300,9450852911.7827511
2,301,13.577783072168733
2,302,20420459.527053561
2,303,41.056864558547446
2,304,60429605.412238993
2,305,16.944884723614528
2,306,25264572.656668063
2,307,9.180308212344185
2,308,13903366.667308863
2,309,43.585693986322504
2,310,64252329.401895188
2,311,10826.611293750579
2,312,15866361802.924595
2,313,157.231102116248
2,314,184208724.7228598
2,315,1068.8579493297539
2,316,1243374573.8165889
2,317,1662.5325295639745
2,318,1936545243.4511952
2,319,214.77683169929293
2,320,250348365.68346983
2,321,82.736576103405397
2,322,96923391.613243088
2,323,2268.2481994969835
2,324,2648168962.0480685
2,325,9233631.3109196965
2,326,49813970881.269348
2,327,696113.56712623709
2,328,3735591366.4921732
2,329,312848.22564144334
2,330,1681269895.6760378
2,331,157221.57259363148
2,332,844355524.39038479
2,333,5625000.4564876584
2,334,30285022852.295933
2,335,623148.77024016355
2,336,3350861266.7069712
3,253,376875391.36670822
3,254,479522362.43516082
3,255,28343948.955085054
3,256,303037264.05606997
3,257,285864562.59465277
3,258,232715906.25173351
3,259,661628235.13745046
3,260,307665846.0792287
3,261,36594032.195655048
3,262,229012857.53892311
3,263,398632143.54404336
3,264,1740328323.6304438
3,265,11.288430937608796
3,266,5061814218.2198572
3,267,289.29510287042524
3,268,8293076430.5573854
3,269,138.44317265248483
3,270,4029158247.8069348
3,271,3.5138158389511513
3,272,3247941911.9234481
3,273,578.20586232865799
3,274,6064034229.432169
3,275,32.651708151179498
3,276,18835664520.614456
3,277,116624.09113105151
3,278,8309234197.4309692
3,279,4384.895809717771
3,280,14025405542.495918
3,281,3675.5620576622046
3,282,3370927294.2782879
3,283,937.12319707313338
3,284,3561606503.2373919
3,285,266170.41991789773
3,286,11748911043.485298
3,287,149771.44318329287
3,288,26050801633.989758
3,289,3.002909805895865
3,290,5598135277.0531664
3,291,175.91300748422975
3,292,14948569990.506235
3,293,5.276820664729625
3,294,7382793510.51054
3,295,1.6055787511815667
3,296,3106530286.7609529
3,297,3.1876699975250102
3,298,5373831535.763196
3,299,19.960327872109058
3,300,22716556891.889633
3,301,1235.44309841922
3,302,4171580533.772325
3,303,47.224525234871635
3,304,2898984032.055594
3,305,12.795747793751557
3,306,3510141856.2098627
3,307,8.3753838029697025
3,308,1200651503.5810106
3,309,10.804242278268397
3,310,2268302483.492806
3,311,3242.0107214668615
3,312,24310387488.43787
3,313,25896.889135656307
3,314,3140807444.2072859
3,315,3339.6990601012194
3,316,5831935719.6981239
3,317,20346.351298447087
3,318,6692023482.9135675
3,319,94.154839866334044
3,320,1351439902.2694988
3,321,31.473152946084422
3,322,1433266568.9810276
3,323,56504.087596214624
3,324,21496857587.565002
3,325,10967779.977602806
3,326,9413825383.8531322
3,327,31029158.816485222
3,328,8423706545.6123514
3,329,4704122.7758837743
3,330,8366456914.7857056
3,331,27175179.127520446
3,332,2647142648.6665297
3,333,58601940.900396377
3,334,4851448085.8313427
3,335,5120882.6312544337
3,336,5400775534.500082
4,253,1766022815.1936724
4,254,6250416641.456871
4,255,2862240.4412375158
4,256,6245092478.851284
4,257,1136913305.4149096
4,258,6273700614.0996075
4,259,448669767.62783945
4,260,6280532230.2172308
4,261,1480585706.6397467
4,262,6277749834.5332146
4,263,1970392857.4443948
4,264,6176688141.2236967
4,265,18.922510432822733
4,266,4330310102.3241529
4,267,25.335452495849793
4,268,6223268762.2439661
4,269,0.71026088814364063
4,270,6202762119.09587
4,271,0
4,272,5940139415.0385303
4,273,265446.65633119305
4,274,6084552470.0356779
4,275,0
4,276,6110414593.9804382
4,277,334460.1946184939
4,278,6180817288.7457047
4,279,0.87212826948796407
4,280,6050748473.9188633
4,281,54663.488949480619
4,282,6281601924.2670088
4,283,0.37249004408214731
4,284,6279546739.9816313
4,285,789737021.24648261
4,286,6020848143.5508995
4,287,27565973.993749566
4,288,6166070440.1059561
4,289,2.1577118108658859
4,290,6232882294.5247364
4,291,0
4,292,5744456699.9845819
4,293,2.2168809490145822
4,294,6264664205.1696234
4,295,2.7431178567271313
4,296,6262522340.382556
4,297,0
4,298,6213831689.4965973
4,299,10.351617951164657
4,300,6170678170.9821348
4,301,129.86024956183545
4,302,6276637789.4307461
4,303,5470.027197714282
4,304,6213460878.2571278
4,305,4.2220026742342052
4,306,6278275055.342165
4,307,2.5063906414393311
4,308,6275073673.0073051
4,309,0.60925315706744254
4,310,6268523169.6895514
4,311,1128637.7382157734
4,312,6245211982.6255875
4,313,5530.2470655140942
4,314,6251365634.3212605
4,315,210298.26285760305
4,316,6129920682.7432356
4,317,87346.099230462583
4,318,5850174012.9990396
4,319,31.509328097724698
4,320,6272358683.980648
4,321,0
4,322,6266882480.3644085
4,323,599088.67046935135
4,324,6101608083.9409771
4,325,5839341960.3770237
4,326,6262757050.9756756
4,327,2156956726.9899907
4,328,5919431040.1697035
4,329,12429.69380062872
4,330,6146503431.1527214
4,331,1314154587.8012359
4,332,6146704384.296258
4,333,6144267232.779007
4,334,6266526876.2058887
4,335,123290.86116001208
4,336,6252199980.1602688
5,253,554385078.56857097
5,254,329621806.39948457
5,255,5231692.7626555152
5,256,75891903.401574746
5,257,582474403.93372071
5,258,29360362.438564982
5,259,60761135.456690878
5,260,174358917.58458284
5,261,102924342.54808185
5,262,33962801.575953819
5,263,3484356617.5432224
5,264,14573855845.521107
5,265,3.9303695357450978
5,266,3637769012.9652104
5,267,7.3303032132590928
5,268,5161984497.1982441
5,269,10.138878674448781
5,270,1581029386.6890328
5,271,0
5,272,1796817796.3760505
5,273,989.69133925263816
5,274,5404453163.7616081
5,275,13.461338368969647
5,276,8089602509.4108257
5,277,90734.345245038552
5,278,3391322531.2937713
5,279,163.33042821391311
5,280,6050064021.7864809
5,281,22099.043881098831
5,282,2797482412.747684
5,283,101.57978428750842
5,284,667337624.41385746
5,285,26312630.532300409
5,286,12921578315.790146
5,287,1042759.0295218402
5,288,22058624997.734344
5,289,0
5,290,2822180616.6073241
5,291,3.5613396970770981
5,292,5271602416.0973921
5,293,0.069197158201371012
5,294,3815045314.8229132
5,295,0
5,296,1636954693.5010059
5,297,3.7378486806272342
5,298,2033227263.6489849
5,299,9.7256635935898768
5,300,16887561486.547827
5,301,277.58882135768215
5,302,1919515702.8279688
5,303,49.429346601362269
5,304,2712160987.0429745
5,305,1.6946869444952155
5,306,1226052286.0141485
5,307,4.9137837196387171
5,308,598918388.58713436
5,309,15.975292498538813
5,310,781141843.94871545
5,311,60442.906006431971
5,312,102725374682.05408
5,313,8961.1109822663911
5,314,1128949207.4929168
5,315,6431.123987535776
5,316,7147121130.2667131
5,317,16670.764751053448
5,318,7308873122.3387794
5,319,203.63252021586106
5,320,855746941.71826899
5,321,1.1728089335448515
5,322,273895197.59870774
5,323,155446.03891083051
5,324,12261419533.945606
5,325,22869985.645964645
5,326,14151546155.589628
5,327,44119622.162709922
5,328,14476540400.818062
5,329,60149.541349727951
5,330,1804928481.5993824
5,331,46044273.813914567
5,332,3323942788.4177938
5,333,95980214.574955821
5,334,7500723349.6527977
5,335,462831.10132349335
5,336,1136700527.4122078
6,253,546219315.08279157
6,254,336991799.49372071
6,255,980649.56904761796
6,256,101779730.9953765
6,257,548244977.01853204
6,258,11162116.188000826
6,259,174418638.7632969
6,260,359320114.14255053
6,261,160442487.6513043
6,262,6438575.644216367
6,263,674474360.88634098
6,264,23850441494.303581
6,265,0.26802297615087922
6,266,1456825419.2278364
6,267,6.5968059064828113
6,268,3110612056.863615
6,269,0.42599992219389543
6,270,928633357.55206895
6,271,0.35763214501719814
6,272,4263964368.006566
6,273,64354.002892507793
6,274,4897379024.7791233
6,275,0.44104852140921752
6,276,4066443427.5120778
6,277,158154.92987339414
6,278,2904579914.1731648
6,279,0.56909098222248122
6,280,11569204752.666985
6,281,37634.513810949196
6,282,3922146310.3700066
6,283,0.51372790907987809
6,284,1136983985.5030205
6,285,225691218.20803654
6,286,15062226094.276159
6,287,7537858.1287275255
6,288,27351414002.576244
6,289,0.27315930111671005
6,290,5160381510.0885534
6,291,0.51129483809921772
6,292,6581677917.2728291
6,293,0.29545383372083112
6,294,2114503176.5725605
6,295,0.36577865915109642
6,296,1480343610.5021608
6,297,0.32246944609161898
6,298,3040029775.1462479
6,299,0.44969661850330089
6,300,39599220928.314003
6,301,22.881173500736349
6,302,5474632642.0051823
6,303,2868.4794151792025
6,304,274019212.31241834
6,305,2.8544726619864615
6,306,3668268596.5466595
6,307,0.35415684928904084
6,308,416419938.65902746
6,309,0.34087220332596463
6,310,1020138666.3184525
6,311,317440.20274559874
6,312,47901277425.696144
6,313,2188.6193316500176
6,314,626123661.00354159
6,315,30430.576267555432
6,316,4133516097.3664846
6,317,69940.672255027821
6,318,2444327795.0364771
6,319,3272.7956343502979
6,320,1042993269.8971301
6,321,0.46570304493500886
6,322,232877639.61314398
6,323,443953.91931793216
6,324,10044830041.67063
6,325,22185392.750210766
6,326,14824579804.193382
6,327,595226396.93214333
6,328,5666207724.5433216
6,329,5648.9104619758218
6,330,7234952902.6101131
6,331,530888144.77059031
6,332,956903233.46311092
6,333,939017155.68824124
6,334,4610516926.2486372
6,335,13504.240747448204
6,336,1268434797.1646838
