origin_id,target_id,oof_potential,oof_probability,lag_log,gap,change,gap_times_change,gap_squared
1,85,92326.4250352223,0.9880822408238447,21.195348149856507,-9.762251644190718,-0.7427764096011877,7.251170225895273,95.30155716450437
2,86,108296761.91443522,0.2888498471520955,20.01631392807797,-1.515928106540212,-0.04231770023194059,0.06415059118574198,2.298038024198592
3,87,85871.0797103567,0.9990527012488751,15.936581568069546,-4.5759675454071775,-0.9509436555804811,4.351487305447143,20.93947897661979
4,88,315798057.22883093,0.9156732463949401,18.968946055402327,0.6016674556275063,-0.42147742146547884,-0.2535892477775768,0.3620037271612773
5,89,91379.62888113923,0.9779495787482482,20.544297187271887,-9.12150839013476,-0.1663631177466094,1.5174825743346747,83.20191531129883
6,90,34236950.463725366,0.2556155470422574,16.97976676235118,0.3690493085690285,0.021046083968276008,0.007767042736577977,0.136197392155278
7,91,108439.85316093017,0.9972976154032522,19.084854720624577,-7.490894549457806,0.30848397702090224,-2.3108209420609436,56.11350115109667
8,92,49317831.802649885,0.7916544142538784,19.53943367794552,-1.8256373842026719,0.20052634584412488,-0.36608839349058847,3.332951858598374
9,93,102272.44112522934,0.9992907326022724,19.2970945221145,-7.76168922142544,-0.09937813433549536,0.7713421941171837,60.24381956999186
10,94,381138537.4850854,0.9281233468495691,16.429527916452884,3.329145568616152,-0.30577708620671373,-1.0179764315294402,11.083210217036562
11,95,129340.15430947946,0.9989896697529108,20.38712950990126,-8.616920710327237,0.06150307389881604,-0.5299671112274945,74.25132252806647
12,96,473032373.15671563,0.9105589826992996,24.016696175510962,-4.042021787091006,0.26905902382815583,-1.087542436326844,16.33794012731837
13,97,32244.10887008503,0.10464184583539667,8.072779333169498,2.308342314609334,0.18719632659877838,0.4321132018273889,5.328444241415976
14,98,2112597893.367464,0.9880460707482686,20.015564401179088,1.4556198554718023,1.3654561707178914,1.9875851138734577,2.1188291636437504
15,99,31944.31012105562,0.10366890858958909,8.51699317141357,1.8547874895443108,-8.51699317141357,-15.797212382872216,3.440236631370087
16,100,3841269412.8853574,0.9395418439406279,21.172244255532902,0.896824469917405,1.064910093412312,0.955037430034191,0.8042941298426346
17,101,433017.4499636656,0.9348499569689498,0.0,12.978535615692719,0.0,0.0,168.44238672780438
18,102,3212345654.8608494,0.9994570237987832,19.7566577159132,2.1336095252321385,0.5305479987963544,1.131982263824751,4.552289606161311
19,103,42724.090244994055,0.10464184583539667,0.0,10.662541620210796,0.0,0.0,113.68979380272746
20,104,2094777072.1787672,0.9812023922539795,21.54673376477066,-0.08402078909586663,0.6134439539745635,-0.05154204507903132,0.007059493000292101
21,105,32244.10887008503,0.10464184583539667,11.708812920777568,-1.3276912729987362,0.0014869036129070423,-0.001974148950646971,1.7627641163970047
22,106,4036770161.523525,0.9873596651148283,22.20431770744919,-0.08560696299396753,0.2673122184558281,-0.022883787193183437,0.007328552113050526
23,107,93328.59342687913,0.22858476867284924,0.0,11.44389252225414,0.6931471805599453,7.932301836431498,130.96267606090424
24,108,5374307503.56794,0.992067964624126,21.66845157643026,0.7364439898703061,-0.01236950540340942,-0.009109447912009143,0.5423497502160955
25,109,687524.6505799388,0.9978948671899345,7.584773077612199,5.856081340149124,3.956584341352264,23.170079732119206,34.293688662442754
26,110,4964560048.448136,0.9998378075583741,21.66752084961441,0.6580696705199536,0.13093295150892814,0.0861630042596854,0.4330556912582403
27,111,1171142.157124275,0.9997028075859838,0.0,13.973490887135247,0.0,0.0,195.2584475728518
28,112,16169225503.734413,0.9997028075859838,23.748717942494405,-0.24234233015404172,-0.22899794132670337,0.05549589470159182,0.058729804984490555
29,113,1041591.0490595092,0.8891162270668108,11.10551346289332,2.7507474541225783,-0.2873164279993681,-0.7903349328468547,7.5666115563618455
30,114,8387414908.310181,0.993440124281666,22.028693701838797,0.8213044924132902,0.10725927223283449,0.08809252213780704,0.6745410692582522
31,115,1027295.2896449652,0.8769131732049414,0.0,13.842440947443686,0.0,0.0,191.61317138346564
32,116,8383484742.495542,0.9929746191817007,20.29185954197833,2.557669963536963,0.44665101547641584,1.142385886467312,6.541675642379169
33,117,687524.6505799388,0.9978948671899345,18.57103873203692,-5.130184314275599,0.15159575289559868,-0.7777141536158001,26.318791098439398
34,118,9510703527.283142,0.9998378075583741,23.24051008449648,-0.2648263959915411,0.21771762902952219,-0.05765737503971169,0.07013302001386855
35,119,1168651.9989890207,0.9975771748743585,9.83097062169695,4.140391738926349,7.494898970105643,31.031817779913002,17.142843751769554
36,120,16171967922.36682,0.9998723644769901,23.87029201640345,-0.36374681114778085,0.07086482819784123,-0.02577685527950009,0.13231174262017933
37,121,26923.359553923267,0.5947251199111776,0.0,10.200786715443577,0.0,0.0,104.05604961397016
38,122,504578107.56009775,0.9989835703088439,21.847321927536242,-1.8080887180554228,0.5084814834347817,-0.9193796335385142,3.269184812359302
39,123,313655.89319814526,0.5052415474710599,3.970291913552122,8.685763057088659,-3.970291913552122,-34.48501482858886,75.44247988388612
40,124,13479831782.916708,0.9947972995739361,22.944147821205362,0.3803126422094181,-0.1737170803582444,-0.06606680182794973,0.14463770582430885
41,125,23725.69518600702,0.524090126501985,0.0,10.07435607239059,0.0,0.0,101.49265027331315
42,126,3666507068.4972672,0.9988908446270028,21.355411351649,0.6670939419796227,0.3085146961940559,0.20580828484273844,0.4450143274259122
43,127,38302.05490629363,0.27287137362212743,0.0,10.553284934554286,0.0,0.0,111.37182290989047
44,128,1510847383.916542,0.9952493450354488,20.83684020814159,0.2990963042918189,0.46944006136521566,0.14040778744086066,0.08945859924102431
45,129,26923.359553923267,0.5947251199111776,0.0,10.200786715443577,0.0,0.0,104.05604961397016
46,130,3666567150.198013,0.9989072130833246,21.414687965459276,0.6078337146667252,0.46094604549183416,0.2801785470922389,0.3694618246855499
47,131,44574.449302045454,0.4938447108366321,0.0,10.704938522367483,7.27655640271871,77.89508894564328,114.5957087676673
48,132,7303997925.089354,0.998029862341789,24.228886858004852,-1.5171991617075768,0.2076548814277217,-0.31505381202662563,2.301893296286174
49,133,675712.635942544,0.910621714223966,5.298317366548036,8.125207283257076,-4.605170185988091,-37.41796233582878,66.01899339589383
50,134,672274962.3288343,0.9998249733613882,22.079024614726887,-1.7528466283070543,0.29492729748726276,-0.5169623189962601,3.0724713023674086
51,135,345414.1521053907,0.22529504209864928,6.721425700790643,6.031076611226169,0.3050011079089927,1.8394850483079948,36.37388509047933
52,136,3539235665.707493,0.9928693147937203,19.682780805804267,2.304395821615717,-0.12728309086190492,-0.29331062274450737,5.310240102679977
53,137,211240.76376331144,0.3180098075450784,0.0,12.260758556356697,0.0,0.0,150.32620037727395
54,138,1818533728.0933146,0.9944968201154519,22.178727159398736,-0.8574307894239617,0.20845804721290762,-0.17873834798354085,0.7351875586521981
55,139,391851.84692170704,0.23218049372778418,0.0,12.878641657790096,0.0,0.0,165.85941094976644
56,140,1522091385.4723349,0.9952808359180133,19.807084199121284,1.3362669391364044,0.19158999963245193,0.25601538237800137,1.785609332628975
57,141,220373.26019479494,0.49308844992319434,0.0,12.303082562665812,0.0,0.0,151.36584054377158
58,142,1227695641.6257296,0.9978744451525007,20.75713035336963,0.17127443455768443,0.2429826905424548,0.04161672292996376,0.029334931933054528
59,143,1266552.9621888003,0.8755881697174974,13.065028712738998,0.9867816421114313,1.7788204425067118,1.755307357278156,0.9737380092081328
60,144,3981139979.1347275,0.9997772073668213,24.31736234816721,-2.2125283057673535,0.1630738211871794,-0.3608054453062784,4.895281503821756
61,145,8400804.106509307,0.9495976691981338,11.015377962150081,4.928460143083537,0.07309833230013574,0.36026221726709495,24.289719381963
62,146,65063326511.59379,0.999598858265843,20.08552428243545,4.813102604169053,0.22824888866984594,1.0985853204555278,23.165956678258922
63,147,12253925.090599198,0.852092314489062,7.257707677160043,9.063649263638485,6.9843279953106885,63.303499291707375,82.14973797425445
64,148,172380656960.89462,0.999362833519684,22.15205604691045,3.7209149433739235,0.05495099076689769,0.2044679626977521,13.845208015823369
65,149,8279172.464555386,0.9358488515568928,9.344958673700944,6.584295024556509,0.24587082031322538,1.6188860188719973,43.352940970399594
66,150,106057995645.08258,0.9995060628355812,21.65032940290935,3.736922507265401,0.24040944434960565,0.8983914635492103,13.964589825306732
67,151,7206416.894308342,0.6824898772514415,0.0,15.790482561157708,0.0,0.0,249.33933951422568
68,152,77580964084.62953,0.998625632466661,20.42175493750978,4.652832988357954,0.33312334296894974,1.54996727935801,21.648854817552007
69,153,9863714.125525808,0.6858859456490083,0.0,16.104373443190887,0.0,0.0,259.3508439977519
70,154,105668021809.76117,0.998678521413238,18.701362740441024,6.682205406339843,0.6033543587855874,4.031737758215762,44.65186909251743
71,155,13547960.229494587,0.9420746987764812,11.539187576959117,4.8825590542422805,0.036656347557284974,0.17897678166127365,23.839382918163274
72,156,172414135769.69632,0.9995569241898137,22.635907802425326,3.237257383418914,-0.029843272189221892,-0.09661035323993891,10.479835366500273
73,157,10329966.63824503,0.9962158831943226,17.175370604007423,-1.0248108957098268,-0.6934736520193141,0.710679354477078,1.0502373719655773
74,158,1188907097.3197224,0.9994810131793324,23.57783483339171,-2.6815345160872575,-0.09464491547790743,0.25379360762616987,7.190627360967322
75,159,6578840.583134091,0.8971390241143246,19.816849843959513,-4.11748060735227,-0.029560475265444808,0.12171468364958545,16.95364655192202
76,160,3058379175.6026874,0.9870372473536849,22.407348866203346,-0.5661979344718979,0.240527820043674,-0.1361863548917566,0.3205801010002436
77,161,6630593.396436502,0.9945528034535137,10.73941385832426,4.96779115237376,-1.9997173204812366,-9.93417801193525,24.67894893360301
78,162,2815261427.046046,0.9993693079380056,22.698372744904887,-0.9400517810355851,0.22177376158157003,-0.20847881956171613,0.8836973510281756
79,163,6258903.627219141,0.8535100708389575,20.727409491141405,-5.077893743053307,-0.30114328323714545,1.529173593712431,25.78500486573993
80,164,830667941.7428476,0.9874381932392718,20.564667977056565,-0.026927291646956064,0.3912955614098159,-0.01053652970224152,0.0007250790354402299
81,165,7169620.393674643,0.9777020984124866,20.987031216316907,-5.201667809364775,-0.19079203780954046,0.9924368013569936,27.057347998981736
82,166,838963671.817943,0.9972995593824819,21.93119239218807,-1.383514426884755,0.28327336223276944,-0.3919127834011876,1.9141121693982521
83,167,10329966.63824503,0.9962158831943226,15.340348293219575,0.8102114150780206,-0.22458068023161992,-0.18195783072964522,0.6564425371227286
84,168,4379200471.871167,0.9994963166682743,20.960435011737676,1.2396969924941814,-0.19742119105416833,-0.24474245680447168,1.5368486331991185
