observation_id,oof_potential,oof_probability
85,2199661081.621894,0.9987894732357376
86,2623554.651607149,0.6633369033384886
87,959425119.4105204,0.9989165084815192
88,1290703.9815196644,0.7482911578835788
89,2190887359.3387876,0.994805631574549
90,184909.02266409885,0.3138209953472883
91,2469291141.174194,0.997865703091835
92,398035.86245969497,0.6012120932753183
93,959749878.0990711,0.9992546347288969
94,1659918.7785874526,0.9623450168329529
95,1235157337.4964087,0.9993786841763223
96,2149458.4875136577,0.9684177021314726
97,181707.96043330219,0.2157155117023777
98,5263145199.728395,0.984352649147981
99,116394.13476433055,0.13817787773287588
100,5252313821.133368,0.9823268839810823
101,4623662.135115544,0.8253174539528756
102,5715926816.591205,0.9994079994631077
103,449110.5669729814,0.1172029230794918
104,3834352484.5116873,0.9801632771028291
105,147361.30774269463,0.17494071161794308
106,5238784001.858499,0.9797964363228268
107,2463432.111959582,0.6428738612754986
108,24264053164.356243,0.9975770738009834
109,472690.95668549807,0.9988073962002328
110,11872461460.863876,0.9992162792430661
111,2065938.7521294032,0.9935022486807343
112,52067331112.37688,0.997311910849511
113,1753563.9186039355,0.843282355075978
114,7895988487.747137,0.9521002336531561
115,1753563.9186039355,0.843282355075978
116,7895988487.747137,0.9521002336531561
117,603433.035096474,0.9988073962002328
118,15156277800.680876,0.9992162792430661
119,940384.6680869309,0.9993416665473827
120,23609743201.658108,0.9993416665473827
121,21886.515040791666,0.7638801474437599
122,1115711197.756387,0.99643366766554
123,453907.39108066016,0.7735975623407346
124,13716711225.390238,0.9995797516511236
125,6425.772455318079,0.2618596770183364
126,1529320534.3272018,0.997067846539013
127,20374.51137051443,0.20487353531874117
128,913192608.2583133,0.9963537771973083
129,20892.79320380668,0.729197404122614
130,1783220301.2781034,0.9957183579070094
131,62309.056578452284,0.8875835796411973
132,4379789256.586232,0.9981463054837967
133,572076.8663867424,0.4522645833575124
134,7889207813.870156,0.9868770130124579
135,3997027.7547847605,0.2069253559526079
136,13753351534.396303,0.9903116624945
137,18775.48322247692,0.10305300141510042
138,2576090223.753163,0.9811170363347315
139,159547.77667020296,0.10305300141510042
140,2490969636.141836,0.9822024767705617
141,124921.14165416124,0.4267782032299621
142,4157053301.4171395,0.9854670429056981
143,633144.12808161,0.666467501046764
144,7037569893.668074,0.9936971286295787
145,973575.8813099372,0.9388823573166768
146,25856550815.491722,0.9991702432355027
147,2014896.4227530195,0.392410372366947
148,52936942441.40021,0.9964030913284563
149,550120.9691455499,0.5305173250859136
150,25846743229.2514,0.9987912503683093
151,794725.443635714,0.41257578000279205
152,10237170524.052359,0.9981351871750264
153,868613.8255041596,0.408014334771013
154,11298509804.790968,0.996764741079975
155,1990596.4026497635,0.9350436789942914
156,53047890465.544586,0.9984914052569877
157,6755553.356342545,0.9928139237986889
158,1511911100.9488204,0.998756666177976
159,6241924.421603068,0.9074239268683713
160,2863514929.915921,0.9925815729467963
161,6474705.201061404,0.9515397387943609
162,2842117897.8810453,0.9959190881693912
163,5541074.608964132,0.8822983118968531
164,648305670.2566273,0.9903216657357518
165,10230587.55718352,0.8970034286294467
166,1177979249.0520945,0.9908460365018118
167,6755553.356342545,0.9928139237986889
168,2850215675.442128,0.998756666177976
