model,context,rows,positive_rows,calibration,classifier_iterations,regressor_iterations,iterations,warnings
6,2022 holdout CAN,44244,36665.0,3.0607673289423256,150.0,150.0,,
6,2022 holdout CHN,44244,35472.0,3.392518740720148,150.0,150.0,,
6,2022 holdout JPN,44244,36347.0,3.3112996397024754,150.0,150.0,,
6,2022 holdout KOR,44244,36562.0,3.3183405624756275,150.0,150.0,,
6,2022 holdout MEX,44244,37626.0,3.1089409140759456,150.0,150.0,,
6,2022 holdout GBR,44244,36100.0,3.1033509813231697,150.0,150.0,,
6,2022 holdout USA,44244,35196.0,3.7363254359636278,150.0,150.0,,
6,2023 holdout CAN,44244,36717.0,3.0881789818994525,150.0,150.0,,
6,2023 holdout CHN,44244,35568.0,3.4064381501261396,150.0,150.0,,
6,2023 holdout JPN,44244,36415.0,3.312100030550503,150.0,150.0,,
6,2023 holdout KOR,44244,36557.0,3.2131750403706696,150.0,150.0,,
6,2023 holdout MEX,44244,37712.0,2.9756402266380078,150.0,150.0,,
6,2023 holdout GBR,44244,36202.0,3.1703555279342184,150.0,150.0,,
6,2023 holdout USA,44244,35313.0,3.709994079174809,150.0,150.0,,
1,holdout CAN,44244,,1.1398331416469376,,,,[]
1,holdout CHN,44244,,1.24654366361554,,,,[]
1,holdout JPN,44244,,1.1432942113875009,,,,[]
1,holdout KOR,44244,,1.1021198632996412,,,,[]
1,holdout MEX,44244,,1.1059313904249468,,,,[]
1,holdout GBR,44244,,1.1534845709551265,,,,[]
1,holdout USA,44244,,1.1534148934230588,,,,[]
1,final,51618,,1.1450419660158933,,,,[]
2,holdout CAN,44244,,0.6623162206186807,,,58.0,[]
2,holdout CHN,44244,,0.6007034083496141,,,88.0,[]
2,holdout JPN,44244,,0.644586570393617,,,78.0,[]
2,holdout KOR,44244,,0.6480189540455942,,,62.0,[]
2,holdout MEX,44244,,0.64002811576039,,,67.0,[]
2,holdout GBR,44244,,0.715745499689248,,,95.0,[]
2,holdout USA,44244,,0.8241720657389096,,,89.0,[]
2,final,51618,,0.6589457782736474,,,64.0,[]
3,holdout CAN,44244,,1.9732762214594186,,,,[]
3,holdout CHN,44244,,2.139236648719499,,,,[]
3,holdout JPN,44244,,2.0850880784807484,,,,[]
3,holdout KOR,44244,,2.0192551396659546,,,,[]
3,holdout MEX,44244,,2.004442468351505,,,,[]
3,holdout GBR,44244,,2.0449718072910064,,,,[]
3,holdout USA,44244,,2.1708882092016784,,,,[]
3,final,51618,,2.0516183387867097,,,,[]
4,holdout CAN,44244,,1.8796105982702467,,,118.0,[]
4,holdout CHN,44244,,2.0576004812999535,,,118.0,[]
4,holdout JPN,44244,,2.2562914685722504,,,118.0,[]
4,holdout KOR,44244,,2.0599202271192243,,,160.0,[]
4,holdout MEX,44244,,1.9353025477804489,,,134.0,[]
4,holdout GBR,44244,,2.0313122064480464,,,124.0,[]
4,holdout USA,44244,,2.2752856471733254,,,120.0,[]
4,final,51618,,2.167794631276666,,,94.0,[]
5,holdout CAN,44244,,4.311880545498525,,,150.0,[]
5,holdout CHN,44244,,5.561689862531716,,,150.0,[]
5,holdout JPN,44244,,4.716459207247084,,,150.0,[]
5,holdout KOR,44244,,4.614477681525117,,,150.0,[]
5,holdout MEX,44244,,4.2995903078210835,,,150.0,[]
5,holdout GBR,44244,,4.863639272341469,,,150.0,[]
5,holdout USA,44244,,6.175789289297876,,,150.0,[]
5,final,51618,,4.901252713275661,,,150.0,[]
6,final 2024,51618,42268.0,3.3610263603742014,150.0,150.0,,
