iso2,HS4,predicted_usd,scope,model,predicted_cad,predicted_rank,hs4_rank
US,2709,49824055671.68638,structural grid,1,68248991459.076,1,1
US,3901,3886942494.8857546,structural grid,1,5324333829.494506,1,2
US,2710,2061832758.185798,structural grid,1,2824298512.1629057,1,3
US,2711,1644190193.616612,structural grid,1,2252211727.216035,1,4
US,4407,940079760.3638167,structural grid,1,1287721255.746356,1,5
CN,2709,494533077.9209761,structural grid,1,677411410.136153,2,1
CN,1205,181711222.98050663,structural grid,1,248908033.23869798,2,2
CN,3901,180833037.696806,structural grid,1,247705095.03708485,2,3
CN,2905,97375051.49370562,structural grid,1,133384345.53607795,2,4
CN,1001,81588665.35994688,structural grid,1,111760153.81005523,2,5
JP,2701,90953219.10906278,structural grid,1,124587719.53559418,3,1
JP,1001,58370672.862868145,structural grid,1,79956147.68755677,3,2
JP,1205,44464128.06320335,structural grid,1,60906962.62097594,3,3
JP,0203,42682153.29827845,structural grid,1,58466013.58798182,3,4
JP,2711,40575830.4400208,structural grid,1,55580772.53674049,3,5
KR,2701,88844160.90740742,structural grid,1,121698731.61096667,4,1
KR,7502,35606711.36377199,structural grid,1,48774073.22609487,4,2
KR,2709,25516364.960006315,structural grid,1,34952316.72221665,4,3
KR,0202,17171073.21433427,structural grid,1,23520936.088995084,4,4
KR,0203,17053971.898531392,structural grid,1,23360530.7066083,4,5
SG,2709,114682983.73479581,structural grid,1,157092751.1199233,5,1
SG,3901,25688159.987611197,structural grid,1,35187641.551029816,5,2
SG,7502,11244139.079750447,structural grid,1,15402221.711442161,5,3
SG,8431,10607911.248755893,structural grid,1,14530716.82854582,5,4
SG,8412,4004641.124978799,structural grid,1,5485557.412995959,5,5
NL,7502,98484826.75883536,structural grid,1,134904515.69425267,6,1
NL,2309,13186207.929436913,structural grid,1,18062467.62174268,6,2
NL,8807,9852981.785065405,structural grid,1,13496614.44918259,6,3
NL,8105,6835732.007914755,structural grid,1,9363585.70444163,6,4
NL,2710,6472807.892869399,structural grid,1,8866452.251652502,6,5
GB,1001,30705410.17224383,structural grid,1,42060270.85393959,7,1
GB,2709,20174253.744978823,structural grid,1,27634692.77987199,7,2
GB,8481,9498715.010272915,structural grid,1,13011339.821071837,7,3
GB,7502,8586313.102702267,structural grid,1,11761531.688081564,7,4
GB,8526,6136161.969880649,structural grid,1,8405314.666342512,7,5
MX,3901,25148302.61876162,structural grid,1,34448144.927179664,8,1
MX,1205,22356185.53711723,structural grid,1,30623502.948743183,8,2
MX,1001,16080045.984892994,structural grid,1,22026446.990106422,8,3
MX,0201,14205808.285662802,structural grid,1,19459116.189700905,8,4
MX,3902,12044463.180041792,structural grid,1,16498505.664021246,8,5
IT,1001,41927431.94004314,structural grid,1,57432196.27147108,9,1
IT,8411,35829485.38604178,structural grid,1,49079229.08180003,9,2
IT,8807,10882343.482830022,structural grid,1,14906634.102780562,9,3
IT,9027,8668318.394618638,structural grid,1,11873862.53694861,9,4
IT,9018,6222389.827097828,structural grid,1,8523429.585158603,9,5
TW,7204,26067492.334647395,2024 persistence fallback,1,35707251.0,10,1
TW,7502,19276443.276390716,2024 persistence fallback,1,26404872.0,10,2
TW,8105,12828931.9608702,2024 persistence fallback,1,17573071.0,10,3
TW,4911,8243131.844064828,2024 persistence fallback,1,11291442.0,10,4
TW,2004,8241130.091984232,2024 persistence fallback,1,11288700.0,10,5
US,8411,33286174520.763344,structural grid,2,45595401858.541626,1,1
US,7108,23207667578.021538,structural grid,2,31789863048.3739,1,2
US,3004,17167069026.316963,structural grid,2,23515451152.248974,1,3
US,8517,14373641757.621826,structural grid,2,19689014479.590378,1,4
US,8802,11126696525.355812,structural grid,2,15241348900.43239,1,5
DE,8411,82938333.0480987,structural grid,2,113608928.6092856,2,1
DE,7108,42670093.618548974,structural grid,2,58449494.23868838,2,2
DE,3004,32655143.748933308,structural grid,2,44731015.90728884,2,3
DE,8517,30777881.810434207,structural grid,2,42159542.503932774,2,4
DE,8703,29410111.68161685,structural grid,2,40285970.98147876,2,5
IE,8411,72750265.21325782,structural grid,2,99653313.28912055,3,1
IE,8802,55646319.215203986,structural grid,2,76224328.06098641,3,2
IE,3004,32723449.226967722,structural grid,2,44824580.75110038,3,3
IE,8517,26862738.39541806,structural grid,2,36796579.05404366,3,4
IE,8703,19090463.719536368,structural grid,2,26150117.203020915,3,5
CH,7108,134379657.9193091,structural grid,2,184073255.4178696,4,1
CH,3004,37810003.9084147,structural grid,2,51792143.35374645,4,2
CH,8411,35336565.328260124,structural grid,2,48404027.186650716,4,3
CH,8703,14139984.772467518,structural grid,2,19368951.141326007,4,4
CH,8517,12940130.069524108,structural grid,2,17725390.169234123,4,5
CN,7108,63559970.5380716,structural grid,2,87064447.64305048,5,1
CN,8411,46844299.27966788,structural grid,2,64167321.15328905,5,2
CN,8542,18215701.97955147,structural grid,2,24951868.571589604,5,3
CN,2709,14768954.539797746,structural grid,2,20230513.92861495,5,4
CN,3004,14207785.930161186,structural grid,2,19461825.16713479,5,5
GB,7108,57750722.510581024,structural grid,2,79106939.69499388,6,1
GB,8411,35312492.469723076,structural grid,2,48371052.18502667,6,2
GB,8703,14571413.41047161,structural grid,2,19959922.089664012,6,3
GB,3004,14422021.047067313,structural grid,2,19755284.430272803,6,4
GB,8802,11586147.567782015,structural grid,2,15870704.938347803,6,5
FR,8411,30798861.905699138,structural grid,2,42188281.038426675,7,1
FR,7108,20726174.000149965,structural grid,2,28390713.14540542,7,2
FR,3004,12383514.97572373,structural grid,2,16962938.813746363,7,3
FR,8703,11778278.739086075,structural grid,2,16133886.216800105,7,4
FR,8517,10667188.13436839,structural grid,2,14611914.30645782,7,5
IT,7108,17741860.572455894,structural grid,2,24302800.61215008,8,1
IT,8411,15448573.69714423,structural grid,2,21161456.250348166,8,2
IT,3004,9103476.95998972,structural grid,2,12469942.739793917,8,3
IT,8703,7557044.866794459,structural grid,2,10351640.058535049,8,4
IT,8517,7347311.349058905,structural grid,2,10064347.085940886,8,5
KR,8411,14250046.27470115,structural grid,2,19519713.387085635,9,1
KR,7108,10835523.671092,structural grid,2,14842500.324661821,9,2
KR,8542,7945034.485764639,structural grid,2,10883108.238600403,9,3
KR,8517,6262371.0746059995,structural grid,2,8578195.897995297,9,4
KR,2709,5755442.543126216,structural grid,2,7883805.19557429,9,5
NL,8411,14605270.67703249,structural grid,2,20006299.773399103,10,1
NL,8517,8914172.130140768,structural grid,2,12210632.983866824,10,2
NL,3004,6959058.686299617,structural grid,2,9532518.588493215,10,3
NL,8703,5615957.890428137,structural grid,2,7692739.118308461,10,4
NL,8471,4938684.457380323,structural grid,2,6765009.9697195655,10,5
US,3004,13419253633.628105,structural grid,3,18381693627.343777,1,1
US,2709,12135937037.108042,structural grid,3,16623806553.430595,1,2
US,8411,10704715524.553625,structural grid,3,14663319325.533554,1,3
US,2710,10691154282.026197,structural grid,3,14644743135.519484,1,4
US,8703,10619907582.978926,structural grid,3,14547149407.164532,1,5
CN,7108,883997917.7604089,structural grid,3,1210900347.748208,2,1
CN,2601,818686467.5614821,structural grid,3,1121436723.265718,2,2
CN,8411,476863935.6890093,structural grid,3,653208219.1068048,2,3
CN,3104,473412603.91750526,structural grid,3,648480584.8461987,2,4
CN,1001,472110166.6385236,structural grid,3,646696506.2614496,2,5
IN,7108,474572309.541557,structural grid,3,650069149.6100248,3,1
IN,0713,401131910.24177825,structural grid,3,549470490.6491878,3,2
IN,8411,322860930.592378,structural grid,3,442254902.72543937,3,3
IN,3104,217859086.77918407,structural grid,3,298423377.0701263,3,4
IN,8802,181975617.69209942,structural grid,3,249270201.11463776,3,5
DE,7108,399183050.65706694,structural grid,3,546800942.7900503,4,1
DE,1001,348397857.2844577,structural grid,3,477235384.9082501,4,2
DE,8411,345656644.2593326,structural grid,3,473480471.30643374,4,3
DE,3004,210554534.28342253,structural grid,3,288417601.0614322,4,4
DE,2601,166533050.30643377,structural grid,3,228116972.30975297,4,5
ID,1001,706348671.5556129,structural grid,3,967556410.2968785,5,1
ID,7108,375379379.7678732,structural grid,3,514194674.40603274,5,2
ID,3104,229712220.86505863,structural grid,3,314659800.1409573,5,3
ID,2601,161414372.25332007,structural grid,3,221105407.11259782,5,4
ID,1201,95306932.29117276,structural grid,3,130551435.85244843,5,5
BR,8411,500161868.49814594,structural grid,3,685121727.4687603,6,1
BR,1001,426203702.3841227,structural grid,3,583813831.5257713,6,2
BR,3104,356732772.1034092,structural grid,3,488652551.22724986,6,3
BR,3004,303689219.2847348,structural grid,3,415993492.5762297,6,4
BR,8802,119058407.49205615,structural grid,3,163086206.5826185,6,5
GB,7108,434918200.9121511,structural grid,3,595750951.6094645,7,1
GB,8411,344584326.0373466,structural grid,3,472011609.8059573,7,2
GB,3004,245093487.55711964,structural grid,3,335729059.25574243,7,3
GB,1001,176350901.40884006,structural grid,3,241565464.74982908,7,4
GB,8802,51598130.24659975,structural grid,3,70679118.81179233,7,5
IT,1001,427893167.63863134,structural grid,3,586128061.0313972,8,1
IT,7108,350814654.3634188,structural grid,3,480545913.5470111,8,2
IT,8411,215595074.38892642,structural grid,3,295322132.89795136,8,3
IT,3004,185717278.8738862,structural grid,3,254395528.6014493,8,4
IT,0713,54652710.094513044,structural grid,3,74863282.28746396,8,5
FR,7108,443223442.0546027,structural grid,3,607127470.9263947,9,1
FR,8411,316109662.4298771,structural grid,3,433007015.5964456,9,2
FR,3004,191755185.25917986,structural grid,3,262666252.76802456,9,3
FR,2601,60832213.91393247,structural grid,3,83327966.6193047,9,4
FR,1001,46392340.64604475,structural grid,3,63548228.2169521,9,5
MX,3004,77695622.21620648,structural grid,3,106427463.31175962,10,1
MX,8479,54593588.922542274,structural grid,3,74782298.1060984,10,2
MX,8483,50060925.10451577,structural grid,3,68573455.20816569,10,3
MX,8517,48822462.23043439,structural grid,3,66877008.76324902,10,4
MX,7601,47040551.695733406,structural grid,3,64436147.71281561,10,5
US,3004,4931658004.450004,structural grid,4,6755385134.495614,1,1
US,8411,4921838303.169116,structural grid,4,6741934107.681055,1,2
US,8802,4846827669.569568,structural grid,4,6639184541.776393,1,3
US,8471,4262313671.9087343,structural grid,4,5838517267.780584,1,4
US,8703,4092453158.7500286,structural grid,4,5605842336.855789,1,5
FR,3004,1592732518.0842764,structural grid,4,2181725003.2718415,2,1
FR,8411,1558912013.7543428,structural grid,4,2135397676.4406986,2,2
FR,8703,568174697.4540504,structural grid,4,778285700.5725582,2,3
FR,7502,564673665.6473107,structural grid,4,773489987.2036862,2,4
FR,8802,532920798.77313787,structural grid,4,729994910.1594442,2,5
CN,8411,1556149228.0920713,structural grid,4,2131613212.6405191,3,1
CN,7501,1247157916.0499332,structural grid,4,1708356913.4051983,3,2
CN,3104,720906964.8315299,structural grid,4,987498360.4262295,3,3
CN,2601,683760787.4268343,structural grid,4,936615526.6172776,3,4
CN,3004,623624920.9528106,structural grid,4,854241416.7211599,3,5
DE,8411,1867881952.4395092,structural grid,4,2558624698.4516397,4,1
DE,3004,1166030635.920025,structural grid,4,1597228765.0832503,4,2
DE,8802,575122116.3742079,structural grid,4,787802275.0093899,4,3
DE,8703,555812085.2772113,structural grid,4,761351394.412724,4,4
DE,1201,414216295.4778325,structural grid,4,567393481.545535,4,5
IE,8802,863656987.207136,structural grid,4,1183037341.076335,5,1
IE,8411,514329450.1172265,structural grid,4,704528480.7705768,5,2
IE,3004,512426779.565286,structural grid,4,701922202.6485287,5,3
IE,3104,260370638.51289102,structural grid,4,356655700.6349581,5,4
IE,3002,246964481.1265563,structural grid,4,338291946.2471568,5,5
CH,3004,1503947477.1571436,structural grid,4,2060107254.209855,6,1
CH,7108,775104165.9900044,structural grid,4,1061737686.573108,6,2
CH,8411,654962932.6918707,structural grid,4,897168225.2013245,6,3
CH,3002,382973690.0105929,structural grid,4,524597360.5765101,6,4
CH,8802,367037938.9170555,structural grid,4,502768568.72858256,6,5
GB,3004,903866439.1755271,structural grid,4,1238116248.382637,7,1
GB,8411,694350623.6133658,structural grid,4,951121484.2255883,7,2
GB,7501,319552719.872072,structural grid,4,437723315.6807642,7,3
GB,7108,288290952.56883156,structural grid,4,394900946.8287854,7,4
GB,8703,195171435.57418978,structural grid,4,267345832.44952515,7,5
IT,3004,705469136.9306551,structural grid,4,966351623.7676113,8,1
IT,8411,674624508.9832009,structural grid,4,924100652.4051886,8,2
IT,8703,175326268.8335028,structural grid,4,240161923.04813212,8,3
IT,8802,152211492.40585205,structural grid,4,208499302.29753613,8,4
IT,7502,137016651.39010233,structural grid,4,187685409.07416216,8,5
MX,8411,531375935.68247074,structural grid,4,727878756.6978483,9,1
MX,3004,223834342.77502802,structural grid,4,306608282.73323333,9,2
MX,8479,170387029.63750333,structural grid,4,233396153.19745204,9,3
MX,8477,157663223.5370453,structural grid,4,215967083.60104463,9,4
MX,3104,138594996.29044113,structural grid,4,189847425.91864625,9,5
JP,8411,608048622.9827418,structural grid,4,832905003.7617598,10,1
JP,3004,529436839.78793484,structural grid,4,725222583.1415131,10,2
JP,7501,313358910.2817393,structural grid,4,429239035.30392647,10,3
JP,8802,274526367.08768827,structural grid,4,376046217.63671535,10,4
JP,2601,237440327.53480157,structural grid,4,325245760.6571712,10,5
US,7108,3557212955.878661,structural grid,5,4872670306.962589,1,1
US,8411,2476499525.2591963,structural grid,5,3392309049.700047,1,2
US,8802,2378637023.868707,structural grid,5,3258256995.295355,1,3
US,3004,2117013307.8469658,structural grid,5,2899884829.0887737,1,4
US,7102,1841600595.6987488,structural grid,5,2522624495.988146,1,5
CN,7108,1014700865.5687428,structural grid,5,1389937245.6560638,2,1
CN,8802,668103904.4352654,structural grid,5,915168728.2954265,2,2
CN,8411,614212079.5334008,structural grid,5,841347706.5448524,2,3
CN,1001,577384541.4229875,structural grid,5,790901344.8412082,2,4
CN,3004,526550280.3868431,structural grid,5,721268574.0738976,2,5
DE,7108,525335440.18807125,structural grid,5,719604485.96962,3,1
DE,8802,345893720.8177847,structural grid,5,473805218.7762015,3,2
DE,8411,331730162.25469756,structural grid,5,454403976.2564847,3,3
DE,1001,298926088.9439691,structural grid,5,409468956.6354488,3,4
DE,3004,271833113.4776949,structural grid,5,372356998.8417465,3,5
IT,7108,525335440.18807125,structural grid,5,719604485.96962,4,1
IT,8802,345893720.8177847,structural grid,5,473805218.7762015,4,2
IT,8411,331730162.25469756,structural grid,5,454403976.2564847,4,3
IT,1001,298926088.9439691,structural grid,5,409468956.6354488,4,4
IT,3004,271833113.4776949,structural grid,5,372356998.8417465,4,5
FR,7108,493820444.66164047,structural grid,5,676435245.0975151,5,1
FR,8802,325143475.76854295,structural grid,5,445381533.1077501,5,2
FR,8411,311829592.37762725,structural grid,5,427144175.63887376,5,3
FR,3004,255525781.486815,structural grid,5,350019215.48063916,5,4
FR,7102,188555628.38436833,structural grid,5,258283499.7609077,5,5
GB,7108,488292224.8989682,structural grid,5,668862689.6666067,6,1
GB,8802,321503560.45694774,structural grid,5,440395577.113927,6,2
GB,8411,308338723.289907,structural grid,5,422362383.16251457,6,3
GB,3004,252665222.14093688,structural grid,5,346100821.28865534,6,4
GB,1001,205554820.94096264,structural grid,5,281568993.7249306,6,5
KR,7108,511124478.2135947,structural grid,5,700138310.256982,7,1
KR,8802,336536875.3405725,structural grid,5,460988211.84151614,7,2
KR,8411,309390519.25799346,structural grid,5,423803133.2795994,7,3
KR,3004,265233573.02718133,structural grid,5,363316948.33263296,7,4
KR,1001,215166441.9483107,structural grid,5,294734992.18079597,7,5
IN,7108,487210745.9058122,structural grid,5,667381279.7417815,8,1
IN,8802,320791488.1958308,structural grid,5,439420180.530649,8,2
IN,8411,307655808.76257014,structural grid,5,421426926.8429685,8,3
IN,7102,219933067.48492354,structural grid,5,301264315.84084827,8,4
IN,3004,200868799.36639565,structural grid,5,275150081.37208873,8,5
MX,3004,326091838.6316292,structural grid,5,446680600.5576057,9,1
MX,8802,298089164.0136964,structural grid,5,408322536.86596125,9,2
MX,8411,295248782.1912013,structural grid,5,404431781.84550756,9,3
MX,8703,211795557.44016448,structural grid,5,290117554.5815373,9,4
MX,1201,164276029.45097995,structural grid,5,225025305.1419523,9,5
JP,8802,314249882.2696223,structural grid,5,430459488.73292863,10,1
JP,8411,301382066.6677759,structural grid,5,412833154.92151946,10,2
JP,7108,301198898.03402156,structural grid,5,412582250.5270027,10,3
JP,3004,247668606.8658905,structural grid,5,339256457.68489677,10,4
JP,1001,190432475.61676714,structural grid,5,260854405.0998476,10,5
US,2709,60553692325.949844,structural grid,6,82946447748.08609,1,1
US,2711,3665793984.106574,structural grid,6,5021404599.429185,1,2
US,3901,2055830943.9064958,structural grid,6,2816077226.9631176,1,3
US,2710,1953221170.2280588,structural grid,6,2675522358.978395,1,4
US,0201,1674140082.8132455,structural grid,6,2293237085.4375834,1,5
CN,2709,1380048020.4925425,structural grid,6,1890389778.4706845,2,1
CN,1205,552186390.6691488,structural grid,6,756384917.9386,2,2
CN,4703,261515736.4473991,structural grid,6,358224255.7856473,2,3
CN,3901,235134157.67094064,structural grid,6,322086769.17765445,2,4
CN,1001,209449789.37855667,structural grid,6,286904321.4907469,2,5
JP,2701,322879776.2565609,structural grid,6,442280717.51623714,3,1
JP,1001,170779535.0080765,structural grid,6,233933807.05406317,3,2
JP,0203,167776580.23506892,structural grid,6,229820359.60599738,3,3
JP,2711,159604226.95981163,structural grid,6,218625870.08954996,3,4
JP,1205,125318901.26836525,structural grid,6,171661830.9574067,3,5
KR,2701,278106533.46142346,structural grid,6,380950329.53545785,4,1
KR,7502,60516568.144095205,structural grid,6,82895595.04378161,4,2
KR,2709,56466617.58314145,structural grid,6,77347972.76538716,4,3
KR,0202,56407534.44397632,structural grid,6,77267040.68135875,4,4
KR,0203,52002212.33228694,structural grid,6,71232630.45276664,4,5
PE,2710,401408451.4643879,structural grid,6,549849296.8159184,5,1
PE,1001,132952648.2498302,structural grid,6,182118537.5726174,5,2
PE,8807,1683403.19027372,structural grid,6,2305925.690036942,5,3
PE,1004,1649720.3791260226,structural grid,6,2259786.9753268254,5,4
PE,3902,1364602.699117306,structural grid,6,1869232.7772508855,5,5
SG,2709,396862685.51164836,structural grid,6,543622506.6138558,6,1
SG,3901,34879099.905083865,structural grid,6,47777391.049983874,6,2
SG,7502,20609064.382402755,structural grid,6,28230296.39101529,6,3
SG,8431,17210565.800773527,structural grid,6,23575033.033899575,6,4
SG,8412,6688656.706309141,structural grid,6,9162121.956302261,6,5
MX,0201,84117045.38248846,structural grid,6,115223528.76493268,7,1
MX,1205,78209255.80331697,structural grid,6,107131038.59938358,7,2
MX,1001,50240887.693768226,structural grid,6,68819967.9629237,7,3
MX,3901,44558747.553054854,structural grid,6,61036572.39817453,7,4
MX,0203,43831480.809829995,structural grid,6,60040362.413305126,7,5
IN,0713,295921120.8496963,structural grid,6,405352751.33991396,8,1
IN,7502,66676205.44952947,structural grid,6,91333066.22476546,8,2
IN,2701,23644637.959591653,structural grid,6,32388425.077048644,8,3
IN,4705,15945685.652055211,structural grid,6,21842400.206185225,8,4
IN,7204,15462575.571470393,structural grid,6,21180636.01780014,8,5
HK,2709,288583383.6557231,structural grid,6,395301518.93160945,9,1
HK,2701,21477298.83378371,structural grid,6,29419603.942516923,9,2
HK,7602,14551939.433875952,structural grid,6,19933246.636523277,9,3
HK,3901,11897782.774265282,structural grid,6,16297582.844188582,9,4
HK,0202,10433699.254241157,structural grid,6,14292081.238459537,9,5
NL,7502,208539186.13051403,structural grid,6,285656977.1615781,10,1
NL,2309,37839469.08740613,structural grid,6,51832504.75592891,10,2
NL,8807,21747866.381893408,structural grid,6,29790227.369917586,10,3
NL,2710,15472312.820549075,structural grid,6,21193974.101588123,10,4
NL,8105,12913075.540794438,structural grid,6,17688330.87578022,10,5
