iso2,importer_iso3
AF,AFG
AL,ALB
DZ,DZA
AD,AND
AO,AGO
AG,ATG
AZ,AZE
AR,ARG
AU,AUS
AT,AUT
BS,BHS
BH,BHR
BD,BGD
AM,ARM
BB,BRB
BE,BEL
BM,BMU
BT,BTN
BO,BOL
BA,BIH
BW,BWA
BR,BRA
BZ,BLZ
SB,SLB
BN,BRN
BG,BGR
MM,MMR
BI,BDI
BY,BLR
KH,KHM
CM,CMR
CV,CPV
KY,CYM
CF,CAF
LK,LKA
TD,TCD
CL,CHL
CN,CHN
CO,COL
KM,COM
CG,COG
CR,CRI
HR,HRV
CY,CYP
CZ,CZE
BJ,BEN
DK,DNK
DM,DMA
DO,DOM
EC,ECU
SV,SLV
GQ,GNQ
ET,ETH
EE,EST
FJ,FJI
FI,FIN
FR,FRA
PF,PYF
DJ,DJI
GA,GAB
GE,GEO
GM,GMB
DE,DEU
GH,GHA
KI,KIR
GR,GRC
GD,GRD
GT,GTM
GN,GIN
GY,GUY
HT,HTI
HN,HND
HK,HKG
HU,HUN
IS,ISL
ID,IDN
IR,IRN
IQ,IRQ
IE,IRL
IL,ISR
IT,ITA
CI,CIV
JM,JAM
JP,JPN
KZ,KAZ
JO,JOR
KE,KEN
KR,KOR
KW,KWT
KG,KGZ
LA,LAO
LB,LBN
LS,LSO
LV,LVA
LR,LBR
LY,LBY
LT,LTU
LU,LUX
MG,MDG
MW,MWI
MY,MYS
MV,MDV
ML,MLI
MT,MLT
MR,MRT
MU,MUS
MX,MEX
MN,MNG
MD,MDA
MA,MAR
MZ,MOZ
OM,OMN
NA,NAM
NR,NRU
NP,NPL
NL,NLD
AW,ABW
NC,NCL
VU,VUT
NZ,NZL
NI,NIC
NE,NER
NG,NGA
NO,NOR
FM,FSM
MH,MHL
PW,PLW
PK,PAK
PA,PAN
PG,PNG
PY,PRY
PE,PER
PH,PHL
PL,POL
PT,PRT
GW,GNB
QA,QAT
RU,RUS
RW,RWA
KN,KNA
LC,LCA
VC,VCT
ST,STP
SA,SAU
SN,SEN
SC,SYC
SL,SLE
IN,IND
SG,SGP
SK,SVK
VN,VNM
SI,SVN
SO,SOM
ZA,ZAF
ZW,ZWE
ES,ESP
SD,SDN
SR,SUR
SZ,SWZ
SE,SWE
CH,CHE
TJ,TJK
TH,THA
TG,TGO
TO,TON
TT,TTO
AE,ARE
TN,TUN
TR,TUR
TM,TKM
TC,TCA
TV,TUV
UG,UGA
UA,UKR
MK,MKD
EG,EGY
GB,GBR
TZ,TZA
US,USA
BF,BFA
UY,URY
UZ,UZB
VE,VEN
WS,WSM
ZM,ZMB
