model,iso2,predicted_cad,predicted_rank
1,US,112094749213.83374,1
1,CN,2094949528.4056547,2
1,JP,629153421.5071205,3
1,KR,394038946.76225454,4
1,SG,265328579.60197276,5
1,NL,241820332.58315468,6
1,GB,214364357.87779453,7
1,MX,204382077.3596417,8
1,IT,201048560.10335013,9
1,TW,196478144.0,10
1,FR,166101421.83299044,11
1,CH,144306995.93518594,12
1,AU,135729493.4655674,13
1,DE,124836101.04779622,14
1,AE,115377914.11527146,15
1,IN,111870617.37073088,16
1,HK,110703839.84622726,17
1,SA,97943926.64791001,18
1,PE,90777849.67117307,19
1,BE,86003213.28737369,20
1,ID,66833973.02251357,21
1,TR,63077541.0245639,22
1,ES,61938711.076022774,23
1,CU,59171051.0,24
1,BR,54718284.44475056,25
1,AR,52005896.268208615,26
1,MY,48119063.01591908,27
1,NO,43739982.842199236,28
1,VN,43439782.66575411,29
1,TH,42667258.077046715,30
1,CO,41574150.85436671,31
1,PA,39898359.18092193,32
1,FI,37092193.90550933,33
1,BD,33436856.34898961,34
1,PL,31192803.177284885,35
1,NZ,30862442.11503188,36
1,PH,27622264.603651233,37
1,DZ,24925567.029418807,38
1,IE,24619436.493021715,39
1,GT,22489758.91553783,40
1,EC,20482572.749169078,41
1,CL,19423481.35099638,42
1,RO,17850381.0,43
1,MA,17763537.367454153,44
1,PT,15933213.877745677,45
1,CZ,14296021.04043464,46
1,KW,13909063.341180377,47
1,OM,13629941.908449931,48
1,IL,12723698.73092169,49
1,SE,11972722.888211751,50
1,QA,11525455.704391493,51
1,NG,11319495.737565055,52
1,DK,11259539.094096564,53
1,VE,10391641.873257022,54
1,UM,8487243.0,55
1,ZA,8313661.863029602,56
1,SV,8029265.383609535,57
1,KZ,7977984.499520524,58
1,DO,7857665.707327413,59
1,MO,6967825.0,60
1,CR,6846004.2567620985,61
1,UA,6676649.91040621,62
1,EG,6296431.064084685,63
1,GR,5852917.41114721,64
1,GH,5723135.529192881,65
1,AT,5541917.118208024,66
1,LY,5503455.351678699,67
1,BS,5019312.3538791565,68
1,LK,4521484.844237616,69
1,HR,4187233.972930367,70
1,BH,4168087.224254933,71
1,TT,3911270.072900283,72
1,IS,3744721.7860404034,73
1,PK,3504038.597575869,74
1,IQ,3178136.180699297,75
1,HU,3141365.520064089,76
1,GE,2825863.4366703033,77
1,BG,2704621.759204127,78
1,CW,2561612.0,79
1,HT,2342254.0593811194,80
1,CM,2227839.341317104,81
1,LU,2226902.807114296,82
1,LT,2071473.5076977632,83
1,AZ,1967466.3301078836,84
1,TM,1596229.8228356885,85
1,MV,1515461.6082002579,86
1,RU,1479481.0483075574,87
1,GA,1469148.554301971,88
1,KY,1406949.536888592,89
1,KE,1392830.4601800852,90
1,LV,1381563.9930157415,91
1,TZ,1236475.808405675,92
1,MT,1230261.7223548463,93
1,AL,1168798.2183334846,94
1,SK,1034021.2934204867,95
1,AO,938018.1384553071,96
1,PG,917577.6408899239,97
1,GY,903160.6353337524,98
1,CI,898701.3484265691,99
1,UZ,826245.9914689609,100
1,NI,812396.5425153245,101
1,GN,736696.9063890171,102
1,MZ,714589.591911798,103
1,BB,663826.8946374491,104
1,JO,638802.7649942101,105
1,JM,603189.7186635188,106
1,EE,579189.2349039896,107
1,BO,568498.3858511741,108
1,LB,558265.5913781777,109
1,SR,556267.5738630599,110
1,RS,540816.0,111
1,CD,539013.0,112
1,TG,494645.90685398685,113
1,TN,451992.3937903657,114
1,NP,448633.9276906771,115
1,CY,441860.92826098757,116
1,SI,434847.230706705,117
1,CG,420167.99273343204,118
1,UG,412139.21036596387,119
1,BN,408338.0672935832,120
1,PY,393736.50213447446,121
1,MN,381157.3948446994,122
1,HN,373228.1193467025,123
1,UY,367882.4412298543,124
1,FJ,363355.05742324225,125
1,LA,354245.19342911855,126
1,KH,350943.42836926033,127
1,GU,331382.0,128
1,GL,326200.0,129
1,MM,319195.39872478624,130
1,ET,300390.92853371106,131
1,IR,227859.9053146242,132
1,PN,220639.00000000003,133
1,ZW,206908.25862588183,134
1,SX,180111.0,135
1,GQ,172310.74336661585,136
1,SL,163870.0911123556,137
1,SN,160225.2822145231,138
1,ZM,154454.10281438098,139
1,VC,144953.10227171236,140
1,TC,136193.42696700967,141
1,SY,124991.00000000001,142
1,MR,121948.11300794366,143
1,AG,114556.32896387883,144
1,BJ,110701.02136825322,145
1,KG,109471.5335196941,146
1,GI,109257.0,147
1,MU,105383.34789515323,148
1,PF,104448.81116412504,149
1,SC,98910.34962433252,150
1,SS,83952.0,151
1,MW,79655.88414515715,152
1,NA,74205.70876786458,153
1,RW,71362.86995145574,154
1,BT,69975.01202061068,155
1,YE,68520.0,156
1,GM,62607.23605976286,157
1,AQ,61976.0,158
1,LC,60458.26284590656,159
1,BA,58853.020280949255,160
1,CK,53205.0,161
1,DJ,51949.5218951679,162
1,CX,50999.0,163
1,AS,45207.0,164
1,LR,35730.652546605255,165
1,AW,31504.72953111419,166
1,DM,30483.214557054056,167
1,MG,16252.352701712924,168
1,BI,16164.849926157076,169
1,TD,15832.339933478184,170
1,TO,14554.172199922821,171
1,BM,14240.26475369115,172
1,BZ,13514.39260657614,173
1,BW,12138.481155538371,174
1,GW,11889.051156763095,175
1,KM,10663.082036157817,176
1,BF,8319.993297393847,177
1,MD,7940.385101053401,178
1,ML,7223.583508024798,179
1,PM,5323.0,180
1,VU,4044.2372379499852,181
1,NE,3669.083693448939,182
1,AM,2931.9762609052777,183
1,BY,2812.3809917769845,184
1,SB,2773.181658816,185
1,KI,2197.239177756099,186
1,AF,1852.926844712769,187
1,NC,1806.603664857077,188
1,MK,1389.4135889385127,189
1,WS,1387.9271466942234,190
1,AD,1040.1519637391018,191
1,LS,1023.390817578429,192
1,SO,683.7242650997828,193
1,KN,488.3860708669412,194
1,SZ,488.3825833694439,195
1,SD,434.53721293652677,196
1,GD,243.9711818828256,197
1,TJ,156.1276650722841,198
1,CV,146.71187097371063,199
1,NR,102.99125533671078,200
1,PW,54.628528107877806,201
1,MH,31.30966397672715,202
1,TV,12.940265969802327,203
1,CF,8.007691723856768,204
1,ST,3.8853239274741354,205
1,FM,2.9316908943825344,206
2,US,432446183326.14716,1
2,DE,1099397493.5422368,2
2,IE,822280119.5349882,3
2,CH,671984659.6548173,4
2,CN,665870590.5681256,5
2,GB,485727657.77880454,6
2,FR,406153150.55366296,7
2,IT,261640518.1309963,8
2,KR,234722217.7269514,9
2,NL,233504940.55357754,10
2,JP,230839648.1435637,11
2,TW,196478144.0,12
2,BE,168905998.19377023,13
2,SG,146684536.03553402,14
2,MX,145640582.5100511,15
2,ES,139036831.41186225,16
2,DK,103070499.84370305,17
2,AT,94945871.66109625,18
2,SE,93189263.53490107,19
2,PL,85156306.53411236,20
2,SA,77635552.18221815,21
2,NO,77051528.3488991,22
2,AU,72383059.50417963,23
2,CZ,60782173.531012475,24
2,TR,59672049.01069642,25
2,CU,59171051.0,26
2,AE,48329320.75024448,27
2,IL,48246571.24928009,28
2,RU,45359463.96461061,29
2,BR,42967016.307237245,30
2,FI,40737744.72422074,31
2,HK,32489254.057238407,32
2,NZ,27630553.407244157,33
2,PT,24821899.34252885,34
2,LU,21235802.549988624,35
2,TH,21141836.8147592,36
2,HU,20546880.888695274,37
2,IN,19393717.538416315,38
2,RO,17850381.0,39
2,MY,17411408.45698182,40
2,AR,14857930.581401145,41
2,QA,14443119.270966846,42
2,SK,14175052.909993337,43
2,SI,12076295.49281636,44
2,DZ,11394861.378403626,45
2,ID,10354324.912253568,46
2,VN,9646073.989588428,47
2,GR,8868626.238875723,48
2,UM,8487243.0,49
2,CO,8074978.430907382,50
2,BG,7734985.191226487,51
2,MO,6967825.0,52
2,KZ,6861139.136773964,53
2,IS,6688861.151415342,54
2,LT,6665520.142018193,55
2,CL,6659766.235206517,56
2,CR,6138125.1796375485,57
2,DO,5663496.094899931,58
2,KW,5076531.738781762,59
2,PE,4817534.803879074,60
2,HR,4713619.380994367,61
2,PH,4667021.686212402,62
2,ZA,4212793.442316631,63
2,MA,3737107.0506372014,64
2,BH,3353779.8551904946,65
2,EE,3261357.278836224,66
2,IR,3153708.7655260526,67
2,GE,2935162.1008315505,68
2,PA,2934223.5280355755,69
2,GT,2829841.2472375175,70
2,CW,2561612.0,71
2,EG,2544007.687986491,72
2,LV,2223215.9924287484,73
2,OM,2194679.526944827,74
2,EC,2176066.6647180337,75
2,AZ,2147138.3546321057,76
2,BM,2000015.5895293541,77
2,BD,1974946.079778325,78
2,TT,1955312.3285102744,79
2,VE,1908270.690094305,80
2,BY,1832707.2965736648,81
2,NG,1710223.1525037359,82
2,MT,1698100.6512261692,83
2,UY,1624079.2927483525,84
2,UA,1521950.7744166998,85
2,BS,1465896.8894393598,86
2,KY,1458702.7931723068,87
2,UZ,1187553.5002033175,88
2,IQ,1117807.8414988625,89
2,LY,945874.0242246658,90
2,PK,922429.9804159843,91
2,CY,916482.4705199138,92
2,TN,907203.4763969715,93
2,SV,896680.2669681717,94
2,GY,889117.565563343,95
2,PY,759066.9841861572,96
2,JO,758545.5634633186,97
2,AW,709046.524691768,98
2,HN,669309.8900946914,99
2,JM,617418.2126524047,100
2,BA,596708.3498294816,101
2,KH,581369.5321223964,102
2,GH,570335.4246667195,103
2,LB,567528.80536027,104
2,LK,544252.6230220356,105
2,RS,540816.0,106
2,CD,539013.0,107
2,AM,455374.0631292565,108
2,CI,426807.4142726724,109
2,BO,423391.6687253032,110
2,BB,419191.34074920183,111
2,TM,405190.3110915147,112
2,NC,404779.69825281156,113
2,BN,401448.13759244647,114
2,PF,398743.48703601735,115
2,MK,392356.0303186886,116
2,AL,335880.1537459047,117
2,GU,331382.0,118
2,GL,326200.0,119
2,GA,322772.7101215526,120
2,HT,253672.91001509613,121
2,NI,246045.92250821498,122
2,KE,243694.06376794982,123
2,CM,242801.4411271626,124
2,SN,237960.79807599873,125
2,MM,234623.7419609031,126
2,PN,220639.00000000003,127
2,TZ,219860.63990354328,128
2,GQ,202057.94181339757,129
2,MV,195103.0141878134,130
2,MU,191375.19868283148,131
2,MD,181503.82977806544,132
2,AO,180711.43898430615,133
2,SX,180111.0,134
2,MN,175041.7758153617,135
2,ZW,167764.74340044663,136
2,AD,162212.82068526422,137
2,GN,141657.25043687405,138
2,UG,132957.15340023398,139
2,SY,124991.00000000001,140
2,KG,118195.64471818664,141
2,BW,116978.0418421587,142
2,SR,116556.30670309225,143
2,NA,111689.27414386676,144
2,CG,110283.6770708529,145
2,GI,109257.0,146
2,TC,107469.31990430312,147
2,BZ,104441.51225702555,148
2,ET,100916.79130640165,149
2,SL,87420.87555350277,150
2,SS,83952.0,151
2,BT,80950.49384198833,152
2,AG,72813.81763937951,153
2,SZ,71921.35118326782,154
2,YE,68520.0,155
2,PG,66178.29689490142,156
2,FJ,62555.620250263164,157
2,AQ,61976.0,158
2,NP,57429.30700952027,159
2,GM,55714.294692617535,160
2,LC,54906.2738163018,161
2,CK,53205.0,162
2,CX,50999.0,163
2,SD,47684.140794521925,164
2,AS,45207.0,165
2,BJ,40483.115248081725,166
2,KN,38606.04826630875,167
2,ZM,37240.95287289457,168
2,TG,35517.468341557695,169
2,VC,35070.68420021324,170
2,LA,33818.519579027474,171
2,BF,33261.59904021055,172
2,TJ,32610.794328591455,173
2,ML,32526.34461313583,174
2,LR,28726.5861657444,175
2,SC,27789.02176963014,176
2,MR,26598.924256744293,177
2,GD,22132.826239594324,178
2,DJ,18099.956994284294,179
2,RW,17714.321480003964,180
2,TD,15211.798039039844,181
2,GW,13269.05387471677,182
2,CV,12389.842819073807,183
2,SO,11819.88358191011,184
2,DM,11414.69112999543,185
2,MZ,11205.308683367206,186
2,NE,10819.684776502716,187
2,MG,10055.800354110399,188
2,MW,6066.904861182059,189
2,PM,5323.0,190
2,AF,4794.506755970321,191
2,WS,3922.558116821056,192
2,NR,3450.7351937869444,193
2,CF,3222.6176609819204,194
2,MH,3081.56625310036,195
2,LS,2885.7937411886733,196
2,SB,2522.45243365972,197
2,VU,2440.353227826072,198
2,TO,2233.0184905920887,199
2,PW,1780.6080025184153,200
2,KM,1131.7283055992955,201
2,FM,667.1429032371568,202
2,TV,580.4629804056714,203
2,ST,558.2410223182937,204
2,BI,524.4382924212327,205
2,KI,427.1754688916393,206
3,US,414603659073.3191,1
3,CN,12120086006.522305,2
3,IN,4595519478.520942,3
3,DE,4003332708.418652,4
3,ID,3976935857.5589623,5
3,BR,3917900671.2252755,6
3,GB,3446249931.3913136,7
3,IT,3395182133.679089,8
3,FR,3252763934.908189,9
3,MX,3053733235.6907535,10
3,JP,2929427484.116506,11
3,NL,2619816913.564511,12
3,ES,2603495698.653294,13
3,KR,2448596175.302653,14
3,BE,2273160695.882768,15
3,TH,2258705473.578385,16
3,MY,2184210675.1348643,17
3,SA,2117863203.147596,18
3,PL,2061003406.7028143,19
3,VN,2020036195.154111,20
3,TR,2012986925.4212162,21
3,CH,1963836155.701968,22
3,AE,1758925778.2373807,23
3,AT,1732450288.0891697,24
3,SG,1731526295.7101963,25
3,PK,1662160201.4807525,26
3,AU,1615876679.376878,27
3,PH,1548575060.3665693,28
3,SE,1542206234.0121808,29
3,CZ,1518859978.3119044,30
3,HK,1491275156.5704775,31
3,DO,1482031984.8791556,32
3,EG,1379748192.1986883,33
3,ZA,1370737584.0040789,34
3,GT,1365695722.1268585,35
3,PT,1331170629.5101705,36
3,NO,1305201635.2840836,37
3,DK,1304896627.1394985,38
3,HU,1282979691.6282542,39
3,IE,1277276181.7199159,40
3,MA,1245006977.587393,41
3,CR,1171252831.7428715,42
3,NG,1127087198.1300468,43
3,FI,1075664563.9401,44
3,BD,1060064192.7354662,45
3,RU,1044203255.9841647,46
3,CO,1014938978.1837696,47
3,IL,923056973.6551341,48
3,SK,916531015.117261,49
3,DZ,850192626.5378449,50
3,PE,837445583.4562087,51
3,SI,797231854.549646,52
3,GR,778813681.155838,53
3,NZ,767324085.5083424,54
3,UZ,751854184.1118273,55
3,QA,739559831.8442389,56
3,BS,722393182.8017112,57
3,KZ,703489580.75898,58
3,HN,702121194.1719726,59
3,CL,686007766.3945376,60
3,SV,685900638.1524802,61
3,AZ,674911046.3323274,62
3,IQ,623156808.3359027,63
3,LT,617213053.3891886,64
3,AR,608087840.8613194,65
3,KW,601029964.7825313,66
3,KE,587851475.5353006,67
3,EC,570034157.2841188,68
3,HR,520919468.1075985,69
3,LK,503072415.1015387,70
3,AO,492919288.82849073,71
3,UA,491815874.913173,72
3,KH,485976350.1707513,73
3,BG,481043998.1046523,74
3,UG,462111365.4501957,75
3,LU,459173371.3876614,76
3,AM,445457751.73024124,77
3,NI,436383694.76883036,78
3,LV,434083462.57478637,79
3,OM,408993835.09736013,80
3,TN,408075517.89239323,81
3,TZ,399897320.973071,82
3,IS,384147843.31967276,83
3,PA,381301129.5794193,84
3,EE,364180383.2850783,85
3,IR,333995121.3502605,86
3,VE,323928789.3904011,87
3,MZ,322585568.1617741,88
3,BH,316372119.98462504,89
3,JO,302415946.22942656,90
3,SN,270707513.1104953,91
3,MM,251781305.37142694,92
3,KG,245483135.46681693,93
3,BA,234785871.4623137,94
3,ZM,228568236.43174154,95
3,CI,227811795.54248193,96
3,LB,226061760.82307988,97
3,BY,220239510.89546242,98
3,JM,211372542.7858068,99
3,CM,206402632.49582213,100
3,LY,204295725.4371467,101
3,GH,197663958.83578762,102
3,TW,196478144.0,103
3,UY,195080913.93084487,104
3,TJ,192444490.27336195,105
3,ZW,189510842.7297291,106
3,BM,185466323.8817797,107
3,NP,167306570.89547613,108
3,NA,166372678.26534382,109
3,PY,162862467.22444603,110
3,GE,147440798.42900303,111
3,PG,129164778.08194451,112
3,CY,129082221.52909805,113
3,HT,128402601.15789385,114
3,MR,124575547.05128843,115
3,MT,121671165.984301,116
3,ET,120780622.81141979,117
3,AL,118870491.15045932,118
3,AF,117592296.62189199,119
3,MK,115908929.05834006,120
3,MG,110701276.37689054,121
3,GN,105203073.3607248,122
3,FJ,104997590.5910391,123
3,BO,101886466.87533997,124
3,BW,98753326.16253775,125
3,TT,90827662.39452434,126
3,MU,89930922.28436184,127
3,ML,89493605.89365968,128
3,TG,88724459.41487038,129
3,BF,82125574.38474229,130
3,SD,81371111.5081931,131
3,MN,76580668.38179205,132
3,CG,75441982.28658235,133
3,MD,72049613.65733714,134
3,BN,65008494.992732026,135
3,LA,62682601.05027159,136
3,BJ,61462422.98138701,137
3,CU,59171051.0,138
3,GY,56368531.003681265,139
3,TM,53928215.065418385,140
3,MW,52104383.0303821,141
3,GM,46319997.18960875,142
3,DJ,46136206.04043963,143
3,LR,41441112.141742,144
3,KY,36035385.91878917,145
3,GA,33674947.54083863,146
3,MV,31889767.167038593,147
3,AW,28862099.529525235,148
3,MH,22701335.762674455,149
3,BB,22103514.73850017,150
3,SZ,21534171.53338264,151
3,SR,21271119.231965728,152
3,NC,20412218.99642725,153
3,BZ,20158990.715188168,154
3,AD,19233144.61335824,155
3,LS,18661976.589476872,156
3,RO,17850381.0,157
3,LC,17116297.416698754,158
3,RW,16303189.097797932,159
3,PF,15526435.519378375,160
3,AG,14213785.279882492,161
3,SL,12461541.84595673,162
3,SC,12325368.826069461,163
3,TC,11725534.19788384,164
3,BT,11703383.071920434,165
3,SO,10003605.652300185,166
3,NE,9055151.303198358,167
3,CV,8826619.814810239,168
3,UM,8487243.0,169
3,TD,7899536.958207815,170
3,CF,7368853.7983485,171
3,MO,6967825.0,172
3,GQ,5558431.719658029,173
3,KN,4856299.118762127,174
3,GD,4711895.677480946,175
3,BI,3959743.1078062123,176
3,VC,3745904.0739130136,177
3,WS,3723785.0418717773,178
3,SB,2980776.240301087,179
3,VU,2815363.223903292,180
3,CW,2561612.0,181
3,GW,2425337.553608356,182
3,DM,2127863.367907291,183
3,TO,2061437.7932945576,184
3,FM,1390011.3519064398,185
3,PW,1322333.6709472542,186
3,KM,1191746.0773260607,187
3,ST,1163272.2781794297,188
3,TV,878882.0085398488,189
3,KI,631385.7528046658,190
3,RS,540816.0,191
3,CD,539013.0,192
3,GU,331382.0,193
3,GL,326200.0,194
3,PN,220639.00000000003,195
3,SX,180111.0,196
3,SY,124991.00000000001,197
3,GI,109257.0,198
3,NR,99416.51949372244,199
3,SS,83952.0,200
3,YE,68520.0,201
3,AQ,61976.0,202
3,CK,53205.0,203
3,CX,50999.0,204
3,AS,45207.0,205
3,PM,5323.0,206
4,US,477769275201.12445,1
4,FR,23647891626.462086,2
4,CN,19583205115.061012,3
4,DE,19549066019.80679,4
4,IE,13612250073.847551,5
4,CH,11176284525.982634,6
4,GB,7575074589.993038,7
4,IT,7277463342.369478,8
4,MX,7127010231.833317,9
4,JP,6342234276.934055,10
4,BE,4586656729.168207,11
4,PL,3384185872.895473,12
4,IN,2808990209.516609,13
4,KR,2713106838.6099725,14
4,IL,2033796428.9929123,15
4,TR,1966668191.9120724,16
4,SG,1940535914.625656,17
4,CZ,1770975282.7861054,18
4,BR,1548476711.3693402,19
4,ES,1219099005.274281,20
4,NL,1157137964.1687622,21
4,AT,775083904.0704192,22
4,SE,699072404.860785,23
4,NZ,666237405.1204097,24
4,ZA,662685512.1192749,25
4,DZ,588660636.5878494,26
4,DK,526068629.29361653,27
4,RU,510798884.01361036,28
4,PH,493856308.4856878,29
4,SA,374161041.1167756,30
4,AU,368033834.2341842,31
4,PT,306445619.41397136,32
4,FI,288120639.308216,33
4,TW,196478144.0,34
4,HK,171091574.42712232,35
4,CO,167396169.44864187,36
4,TH,156431306.08553714,37
4,AR,155827300.38728574,38
4,HU,137825566.05280152,39
4,TT,120935489.10226929,40
4,MA,117646783.72560307,41
4,SK,109105012.8526288,42
4,BG,92502712.91170526,43
4,ID,90370642.91481651,44
4,MY,84340100.18129942,45
4,SI,80282603.20674318,46
4,PK,68218496.01178321,47
4,NO,65185120.37787768,48
4,CU,59171051.0,49
4,LU,57528377.59253737,50
4,PE,57176038.35777583,51
4,GR,56651687.23725551,52
4,VN,50156379.78460659,53
4,AE,43490311.03525727,54
4,TZ,41879261.02630947,55
4,CR,40855187.43027128,56
4,HT,30218169.7077242,57
4,LT,29977396.75250238,58
4,NG,29764833.748135366,59
4,TN,28828222.27081033,60
4,CI,27412962.662577864,61
4,GQ,23051590.943848815,62
4,HR,22623096.963419892,63
4,GY,20561970.391054947,64
4,KZ,19195236.054082442,65
4,GA,18886217.56592237,66
4,GN,18714047.232689906,67
4,UG,18700196.201362222,68
4,RO,17850381.0,69
4,DO,17123673.36036246,70
4,IR,16476266.527871111,71
4,QA,15821566.730901735,72
4,LB,11268321.582912393,73
4,KE,10032112.311031565,74
4,NC,10012338.948214736,75
4,MU,9672996.345159933,76
4,EG,9570458.463663155,77
4,VE,9192263.406298898,78
4,UM,8487243.0,79
4,GH,8478370.24834468,80
4,EC,8434539.277241288,81
4,ZW,8190730.526741831,82
4,SZ,8182290.14720842,83
4,PA,7821928.900630731,84
4,CG,7600843.507458496,85
4,MT,7294548.801234216,86
4,MO,6967825.0,87
4,PF,6736072.940478478,88
4,GT,6668672.114822117,89
4,CL,6613213.585796751,90
4,BD,6582009.14271581,91
4,SN,6495557.8459337605,92
4,CM,6006899.22925749,93
4,BB,5459286.464821237,94
4,BH,4916721.474036198,95
4,ET,4523372.328665578,96
4,BY,4230888.943274695,97
4,UA,3787321.2185627194,98
4,BM,3577592.3297093413,99
4,EE,3431998.351140834,100
4,AW,3205018.801336312,101
4,IQ,2932713.8069447326,102
4,BS,2858526.0308094104,103
4,GE,2784333.4117306992,104
4,CW,2561612.0,105
4,PY,2516241.3693531468,106
4,IS,2486727.8249258813,107
4,UY,2390697.0394429313,108
4,KY,2162537.272685352,109
4,KH,2072963.6091401929,110
4,LY,2019649.362798704,111
4,NA,1982224.8326866636,112
4,SO,1907545.6866257759,113
4,AZ,1579015.3474352977,114
4,OM,1554260.6022033528,115
4,BW,1511678.272627628,116
4,JM,1456320.5626164228,117
4,LV,1419611.5348989065,118
4,KW,1373765.2145563879,119
4,LR,1350921.2876609636,120
4,FJ,1308411.8002790473,121
4,ZM,1297539.4486703721,122
4,BF,1200827.906674862,123
4,BJ,1129654.87108503,124
4,SC,890174.6247926757,125
4,NR,781523.5231425631,126
4,UZ,743432.8264724829,127
4,MG,741682.0878604207,128
4,TG,655950.8485638044,129
4,CY,650802.4838767598,130
4,LK,571327.9958888465,131
4,HN,546357.3029940092,132
4,RS,540816.0,133
4,CD,539013.0,134
4,NE,499950.42922343506,135
4,BA,480587.74949723744,136
4,ML,463355.96262127155,137
4,CF,462964.7455724071,138
4,BN,462240.9217527919,139
4,SV,454960.08565717976,140
4,AG,424648.3059346328,141
4,TD,334299.9964452637,142
4,GU,331382.0,143
4,TM,327594.2953442004,144
4,GL,326200.0,145
4,KN,322173.00971468166,146
4,PG,310115.5882989129,147
4,PW,292819.80769079016,148
4,MW,276371.7693704526,149
4,RW,261898.7890480996,150
4,BO,259625.5167469603,151
4,BZ,257479.10932051315,152
4,AM,233477.99575643984,153
4,PN,220639.00000000003,154
4,LC,189566.9904377501,155
4,SX,180111.0,156
4,MV,180056.0083836909,157
4,SL,150388.9959316617,158
4,AL,148593.03597759773,159
4,SY,124991.00000000001,160
4,JO,116775.19038290449,161
4,GI,109257.0,162
4,SS,83952.0,163
4,DJ,77718.2018265593,164
4,MK,75160.24445082247,165
4,MD,74029.38198803196,166
4,VC,71434.07335475789,167
4,BT,70339.90131184821,168
4,YE,68520.0,169
4,TC,67984.62603242788,170
4,AD,67015.63702235086,171
4,NI,65627.70999295881,172
4,AQ,61976.0,173
4,TV,61836.2694341936,174
4,GD,58895.85136502476,175
4,MN,58456.1861092669,176
4,GM,54376.42284326159,177
4,CK,53205.0,178
4,CX,50999.0,179
4,AS,45207.0,180
4,BI,43555.029400819956,181
4,SR,43477.393898830254,182
4,TO,33991.24243114957,183
4,AO,28321.131032381618,184
4,MM,22024.411765199606,185
4,DM,21695.729404569574,186
4,LS,19786.531360894878,187
4,SB,19427.370492619142,188
4,MH,19374.20508996162,189
4,NP,18857.67316686233,190
4,GW,11909.010412446969,191
4,TJ,7906.371323614077,192
4,WS,5916.264570223245,193
4,PM,5323.0,194
4,KM,5107.817116463763,195
4,LA,3988.0307857637813,196
4,VU,2984.731474957548,197
4,AF,1684.277739181565,198
4,MZ,729.2286933652957,199
4,MR,713.041775596182,200
4,KI,688.4598946856038,201
4,FM,597.2573869869369,202
4,CV,467.0317054818845,203
4,KG,439.48088472316937,204
4,SD,73.6895411711307,205
4,ST,29.966857364835967,206
5,US,270033044734.52505,1
5,CN,16313209837.924759,2
5,DE,8397120399.015312,3
5,IT,7713614103.9794235,4
5,FR,7377501726.022378,5
5,GB,7001787718.39436,6
5,KR,6493671197.874185,7
5,IN,5988925832.026352,8
5,MX,5949672876.130745,9
5,JP,5899415396.343402,10
5,NL,4997265059.436545,11
5,DO,4719362447.523384,12
5,BE,4663793565.375584,13
5,ES,4459403694.240508,14
5,PL,4387140810.796992,15
5,AT,4303381621.053501,16
5,CH,4220060218.2373233,17
5,GT,3829648230.563823,18
5,BR,3793993470.885921,19
5,CR,3690116837.843754,20
5,HU,3622427490.305243,21
5,SE,3604100454.654734,22
5,CZ,3591414578.9841733,23
5,SG,3517413185.357373,24
5,MY,3506847014.1343274,25
5,NO,3459727485.033928,26
5,TH,3413056847.823733,27
5,SA,3361787450.86029,28
5,PT,3361267546.6089206,29
5,AE,3272613450.6398644,30
5,RU,3246727398.2850695,31
5,MA,3243721280.8370085,32
5,DK,3202278795.029019,33
5,IE,3169950487.1482387,34
5,AU,3150128730.608973,35
5,SK,3050296915.613208,36
5,FI,3033772949.8527007,37
5,VN,3016133410.39964,38
5,ID,2993184413.1623163,39
5,HK,2975749777.1359906,40
5,TR,2889555977.0528874,41
5,SV,2866745641.640616,42
5,SI,2658923852.667213,43
5,ZA,2589829488.5861554,44
5,HR,2548832805.247272,45
5,HN,2532423312.137636,46
5,CO,2531118242.131397,47
5,PH,2525145203.7642827,48
5,PE,2469103556.727397,49
5,IS,2413135593.003345,50
5,IL,2378931740.8117185,51
5,LT,2372895124.152659,52
5,BS,2273439016.9412627,53
5,EG,2207193799.0294895,54
5,KZ,2196631730.778599,55
5,NZ,2185700227.6462293,56
5,LU,2138151380.1751885,57
5,KW,2100901451.9619527,58
5,QA,2077797229.207584,59
5,UZ,2071241535.732907,60
5,NI,2002648633.6473799,61
5,GR,1976888778.8284652,62
5,LV,1965708143.2642415,63
5,DZ,1965461100.258228,64
5,IQ,1871451897.3454828,65
5,PK,1835288637.3814628,66
5,BD,1832352773.853465,67
5,EE,1832096572.1587512,68
5,BG,1792791523.4228723,69
5,CL,1767419286.9038596,70
5,OM,1752095184.7765012,71
5,AR,1692392687.9287107,72
5,EC,1678298238.695997,73
5,AZ,1609954018.8768735,74
5,UA,1554143061.1469204,75
5,TN,1538868964.0997398,76
5,JM,1529580459.2846756,77
5,BH,1494124385.9528248,78
5,KG,1488128936.0874631,79
5,JO,1418683393.4971716,80
5,NG,1404083266.9798944,81
5,KH,1376832652.0968828,82
5,PA,1376638377.1701014,83
5,LK,1369784542.0456724,84
5,KE,1333507996.445162,85
5,AO,1249160486.9437358,86
5,BO,1248753765.3693986,87
5,UG,1229153471.2503324,88
5,IR,1224663350.4398117,89
5,SN,1220874891.5196407,90
5,LB,1214717937.8967574,91
5,AM,1199388631.351756,92
5,KY,1182294225.91367,93
5,BA,1145181174.3120334,94
5,VE,1127185866.2080934,95
5,GH,1122656701.3990822,96
5,BY,1063148273.5364621,97
5,MT,1055270669.1480314,98
5,TZ,981484770.3550735,99
5,NP,972308787.3537898,100
5,MM,919732995.9257487,101
5,GE,919606841.2990835,102
5,LY,906214867.3510411,103
5,TJ,893612164.78402,104
5,ZM,878743283.3537121,105
5,UY,878613572.466197,106
5,CI,877574808.3822567,107
5,NA,870062618.6940962,108
5,ZW,861279036.758144,109
5,MZ,850413011.5622839,110
5,ET,850334989.9241775,111
5,HT,841302072.0926565,112
5,MN,835186719.604615,113
5,BW,824757537.8945153,114
5,CY,793511148.0448236,115
5,BM,777909145.9907379,116
5,BN,762734676.443826,117
5,LA,728232093.852504,118
5,TT,705756359.7950232,119
5,CM,693488135.5521814,120
5,MU,680486705.7192571,121
5,MR,641009389.7357589,122
5,TM,634982172.2714347,123
5,PG,626806908.4280132,124
5,MK,626396993.4429196,125
5,GY,618450370.3344364,126
5,AL,590930811.4206891,127
5,PY,575392467.7273077,128
5,FJ,551868651.1485243,129
5,MG,547587551.5407472,130
5,BT,533731559.7740318,131
5,GN,515677897.6564646,132
5,MD,481121036.0968215,133
5,TG,472344258.2856776,134
5,AF,469632095.6119208,135
5,AW,468370412.1155669,136
5,ML,459484499.7288545,137
5,MV,445710417.07980776,138
5,BJ,432278587.4421704,139
5,GA,429287718.8350093,140
5,CG,404276307.6878871,141
5,MW,403842485.7920987,142
5,BZ,391514960.4325539,143
5,SD,376503778.3894056,144
5,DJ,374352817.60851896,145
5,BF,371379831.36765766,146
5,AD,320009025.06816,147
5,PF,306607548.4657054,148
5,BB,294659017.60675615,149
5,RW,288308800.5877579,150
5,GM,286772175.7777295,151
5,NC,267445609.66716576,152
5,LR,232697081.33577487,153
5,SR,221214725.26688468,154
5,SO,213346234.10640457,155
5,TD,205739590.97940823,156
5,AG,205694546.4029757,157
5,SL,201516340.90090898,158
5,TW,196478144.0,159
5,LS,193739256.4075191,160
5,NE,185664679.15297917,161
5,TC,175189110.2645034,162
5,LC,171478625.69854528,163
5,SZ,168122592.4587814,164
5,SC,140466763.00468892,165
5,CF,134104822.55329575,166
5,CV,104673587.78579828,167
5,MH,81785053.57919073,168
5,KN,81686912.40196519,169
5,GD,64752784.86242499,170
5,GQ,59368265.90463812,171
5,CU,59171051.0,172
5,WS,55667237.614248015,173
5,BI,55146395.153626814,174
5,SB,46199585.98864483,175
5,VU,43930974.98498421,176
5,VC,41158832.431460775,177
5,DM,35458268.98670251,178
5,GW,30476090.196754932,179
5,TO,25152414.51757841,180
5,RO,17850381.0,181
5,FM,16958497.60231489,182
5,PW,15109969.829412486,183
5,ST,10844388.026213443,184
5,KM,10539030.440669296,185
5,UM,8487243.0,186
5,TV,7189774.585255358,187
5,MO,6967825.0,188
5,KI,4897126.604632648,189
5,CW,2561612.0,190
5,NR,2273470.8095286973,191
5,RS,540816.0,192
5,CD,539013.0,193
5,GU,331382.0,194
5,GL,326200.0,195
5,PN,220639.00000000003,196
5,SX,180111.0,197
5,SY,124991.00000000001,198
5,GI,109257.0,199
5,SS,83952.0,200
5,YE,68520.0,201
5,AQ,61976.0,202
5,CK,53205.0,203
5,CX,50999.0,204
5,AS,45207.0,205
5,PM,5323.0,206
6,US,120428892888.92947,1
6,CN,5230185676.208306,2
6,JP,2003090140.0199223,3
6,KR,1013956406.4823134,4
6,PE,750961823.8508981,5
6,SG,706647931.0118959,6
6,MX,671848587.6458422,7
6,IN,670923103.2711397,8
6,HK,528947671.71582013,9
6,NL,493515067.8186039,10
6,ID,428674410.3900054,11
6,IT,392608982.8665687,12
6,PA,363871651.7940766,13
6,BD,334692506.0488538,14
6,GB,322127238.6682195,15
6,AE,291391461.61923563,16
6,VN,254354102.29597816,17
6,AU,234969724.79666966,18
6,FR,226979955.0113455,19
6,CO,224405274.97069296,20
6,GT,220313125.965195,21
6,TW,196478144.0,22
6,PH,183539795.2719414,23
6,BE,180688267.17401797,24
6,SA,164161687.4399791,25
6,TR,161070855.9962797,26
6,TH,157599539.14745945,27
6,EC,156714854.43077624,28
6,MY,154496600.68419775,29
6,CH,148945565.38754994,30
6,ES,139984697.10405895,31
6,NG,137702086.61797076,32
6,AR,131870519.45506388,33
6,DE,131654838.28789951,34
6,MA,124745654.1419559,35
6,DZ,123408474.15425281,36
6,FI,123310894.98597698,37
6,BR,121275906.14282763,38
6,SV,86961821.00765395,39
6,VE,77519329.2872769,40
6,CL,76639767.7339584,41
6,NO,69444435.68414381,42
6,GH,64651761.20119166,43
6,NZ,62160461.45235455,44
6,CU,59171051.0,45
6,PL,57638965.670611866,46
6,OM,49377245.19129809,47
6,KW,47772630.66427118,48
6,DO,47070843.56619407,49
6,LK,44048794.57252006,50
6,PT,42366089.19768295,51
6,BS,37445918.84109159,52
6,ZA,37114951.64527154,53
6,CR,35915860.982102044,54
6,EG,32154204.81777488,55
6,CM,30018310.9790801,56
6,CZ,29060773.512595024,57
6,HT,29041921.312814858,58
6,UA,26435742.040497474,59
6,MZ,25590086.79384936,60
6,PK,24460648.84321132,61
6,QA,23683792.837638788,62
6,LY,22875751.19059563,63
6,GR,22245241.80399699,64
6,IL,21893467.9590432,65
6,KZ,21313935.780857258,66
6,SE,20607234.002881635,67
6,KE,19431444.255657572,68
6,HR,18381328.489549186,69
6,IE,18286667.462704968,70
6,RO,17850381.0,71
6,DK,16548468.67689905,72
6,IQ,14584845.490068357,73
6,MV,14413776.32664099,74
6,TZ,14160885.225779407,75
6,TT,13954336.127204439,76
6,BH,12322140.316479675,77
6,PG,11624066.083974019,78
6,NI,10807179.098884834,79
6,LA,10464235.246395396,80
6,BG,10440668.103582725,81
6,TG,10003533.1154192,82
6,GN,9579538.824483544,83
6,IS,9045777.813163085,84
6,UM,8487243.0,85
6,CI,8228799.44239595,86
6,HU,8067112.705291253,87
6,AT,7946875.609441949,88
6,NP,7736975.096976921,89
6,AO,7476373.955792349,90
6,MO,6967825.0,91
6,UG,6966877.160387681,92
6,LV,6958573.989243784,93
6,TM,6705828.896412593,94
6,GA,6690518.48394434,95
6,LT,6434637.569546236,96
6,RU,5457146.973305523,97
6,AL,5202419.018354729,98
6,MT,5139698.064042465,99
6,LU,4748501.901239417,100
6,GE,4232586.1696152305,101
6,JM,4199428.135777872,102
6,ET,3934295.6082458235,103
6,KY,3931559.824419679,104
6,KH,3761720.3353889585,105
6,GY,3339533.393448857,106
6,AZ,3209593.9695285577,107
6,JO,3019381.404474998,108
6,CG,2982275.313639053,109
6,SK,2976339.5905293855,110
6,LB,2920751.80040252,111
6,SR,2918132.0071264184,112
6,UZ,2910736.9493850423,113
6,BO,2747801.283751541,114
6,BB,2604727.8286531568,115
6,CW,2561612.0,116
6,ZW,2283547.6589707145,117
6,MW,2263252.1670613484,118
6,MR,2153884.276693973,119
6,FJ,2014236.4434126134,120
6,MM,1838969.6731566074,121
6,MN,1804437.9892939448,122
6,CY,1705097.26017462,123
6,TN,1663698.7889188852,124
6,ZM,1641544.9498909034,125
6,SI,1611094.3181029276,126
6,HN,1503680.3579774883,127
6,EE,1366016.5014847713,128
6,BN,1361045.9613981494,129
6,SL,1356497.5459386534,130
6,VC,1355027.7400273248,131
6,BJ,1301242.9500871904,132
6,IR,1229611.38492243,133
6,PY,1148100.8995140477,134
6,RW,1076479.9030493493,135
6,SC,863983.1125037208,136
6,UY,859927.2101414384,137
6,SN,781474.9397764069,138
6,AG,731010.6707759823,139
6,KG,659307.7130406223,140
6,GQ,657311.4191350134,141
6,MU,648611.3226325988,142
6,TC,618677.8071117654,143
6,BI,592043.0277997197,144
6,RS,540816.0,145
6,CD,539013.0,146
6,DJ,520265.6322726283,147
6,LC,479909.06051095796,148
6,PF,417995.4459646077,149
6,DM,335440.58264448337,150
6,GU,331382.0,151
6,GL,326200.0,152
6,LR,307467.7056528119,153
6,NA,306860.03530604724,154
6,BA,230535.69480859273,155
6,GM,223562.8396666005,156
6,PN,220639.00000000003,157
6,TO,193352.59781562674,158
6,MG,181048.3586917904,159
6,SX,180111.0,160
6,KM,163228.36641314146,161
6,SY,124991.00000000001,162
6,TD,123384.10828227743,163
6,GI,109257.0,164
6,ML,85787.10670432243,165
6,MD,85282.46124488783,166
6,SS,83952.0,167
6,BF,75892.00576949978,168
6,BT,73970.84660165217,169
6,YE,68520.0,170
6,AW,64449.36725927236,171
6,AQ,61976.0,172
6,CK,53205.0,173
6,CX,50999.0,174
6,VU,45450.29886230071,175
6,AS,45207.0,176
6,BZ,39660.09810287019,177
6,KI,35997.58252264873,178
6,NE,35884.077105836506,179
6,SB,34605.17487447397,180
6,AF,25371.57775091464,181
6,LS,22093.57881243146,182
6,BM,18271.338173835084,183
6,BW,16131.443647658702,184
6,GW,16035.210945900966,185
6,WS,12146.598735257403,186
6,SO,10268.986873478732,187
6,AM,9358.968048789948,188
6,BY,5639.365160106686,189
6,KN,5428.930463119806,190
6,PM,5323.0,191
6,MK,5177.239924840282,192
6,AD,4857.388739723741,193
6,CV,4726.477508567938,194
6,GD,4597.682966885776,195
6,TJ,4552.161548853849,196
6,SD,4403.2383765605655,197
6,NC,4314.736333177982,198
6,SZ,4243.012604317783,199
6,CF,4153.640093581993,200
6,MH,4149.383666322554,201
6,ST,3920.8143893468564,202
6,TV,3849.011703124121,203
6,FM,3801.2222070954613,204
6,NR,3799.0035127934925,205
6,PW,3786.2216907128873,206
