term,coefficient,hc3_se,dyad_cluster_se
intercept,10.909713549061399,0.19546001670692453,0.23406402213329244
numeric__log_exporter_gdp,0.23911904674746837,0.024614306542245647,0.05419788127578867
numeric__log_importer_gdp,0.4871928380529824,0.028255875080903055,0.06298173674576032
numeric__log_exporter_population,-0.03525585034187171,0.026344407107988542,0.056103986508302416
numeric__log_importer_population,-0.32889990929645707,0.02876959012100292,0.06174519374107329
numeric__exporter_manufacturing,0.08080584608761242,0.014569268865956757,0.030074847061311034
numeric__importer_manufacturing,0.10687310722221928,0.014148661570834884,0.026140714529629353
numeric__exporter_internet,0.05772740518849068,0.015012859155404169,0.038975692283763984
numeric__importer_internet,0.026727500377306646,0.015082776367166522,0.033089362665526346
numeric__log_distance,-0.2025478199519511,0.01182606668497956,0.027778635727427906
numeric__common_border,0.1505207984069222,0.01089885115810426,0.0355110516564115
numeric__common_language,0.036401210437952525,0.014545140726714532,0.03292672065247331
numeric__log_external_supply,0.690258733342445,0.024782184101581565,0.0462923800016301
numeric__log_external_demand,0.1973605688075488,0.021427682424326747,0.028717927633167304
numeric__log_world_demand,0.05467322330642901,0.022693283617412296,0.03173001006804163
numeric__lag_log,4.890021046562132,0.02713012222140228,0.07042391205468335
category__HS2_02,-0.2075123113250295,0.24191663586387618,0.2522076540482729
category__HS2_03,0.19132308599509268,0.25274294702145694,0.37082132646718163
category__HS2_04,-0.22630395956841656,0.2377166788967919,0.2728269590901598
category__HS2_05,0.09247384449339126,0.24504857839437955,0.26998196492703014
category__HS2_06,0.12986549165374311,0.2661694260072604,0.3126443184532152
category__HS2_07,0.013810492328237353,0.22400926733902146,0.28108585438899186
category__HS2_08,-0.18143387710409048,0.23499296659488947,0.2967809618050816
category__HS2_09,0.07735818077820796,0.231596686324191,0.25587119102986766
category__HS2_10,-0.0752225792348141,0.24491147337128316,0.24782732926833176
category__HS2_11,0.16151197822402705,0.23320318722416944,0.2785805346214374
category__HS2_12,0.23570473171114342,0.22027427850551665,0.23680194400633342
category__HS2_13,0.6525167035170252,0.2843560477792392,0.3378572694390274
category__HS2_14,0.22549506737408584,0.33786997342117664,0.3669996087753767
category__HS2_15,0.22325231666350476,0.21952831514598423,0.25832881401166624
category__HS2_16,0.11047059806854259,0.26967799610106485,0.2893112519340314
category__HS2_17,0.3519477433171835,0.24079657152281786,0.2815142282457593
category__HS2_18,0.08007036200050452,0.26454697583733666,0.27401432124017105
category__HS2_19,0.6213728489860005,0.2143087546901133,0.24742081031353239
category__HS2_20,0.46416982907647547,0.21992452594057119,0.2562207089555986
category__HS2_21,0.8000376119907705,0.218565509523645,0.23174210129310135
category__HS2_22,0.11573675235004634,0.22389281407824912,0.2622131408142871
category__HS2_23,0.03645417801851114,0.2425791800812312,0.25875697279837584
category__HS2_24,-0.466561852159378,0.3067742565915088,0.3689776271567135
category__HS2_25,0.44016922083086724,0.20761663717376205,0.24552845891124708
category__HS2_26,-0.2186084759965377,0.226831803061508,0.27746765720301625
category__HS2_27,-0.22489333641660048,0.2307576161924825,0.2621519343306483
category__HS2_28,0.226737203578115,0.20364325103939981,0.2606637590135289
category__HS2_29,0.5344147157700178,0.20132036633777523,0.24769226307802103
category__HS2_30,0.44839501377281654,0.22705287060207285,0.2637465459578713
category__HS2_31,-0.15519219247677465,0.26618121074302153,0.25444265234915625
category__HS2_32,0.5870376188008924,0.2111797696574013,0.2653134495737752
category__HS2_33,0.7291169103099857,0.2060275139318299,0.2582458781104024
category__HS2_34,0.729821324177083,0.20461930564646755,0.24363169668090826
category__HS2_35,0.46184256722789885,0.22973009278287604,0.27772191166475074
category__HS2_36,0.03743027609058361,0.2773935019003173,0.3387300200694146
category__HS2_37,0.5728842248857438,0.24360638914556443,0.27972359071372466
category__HS2_38,0.34788127719041195,0.2077965817005316,0.2425593981637087
category__HS2_39,0.7699492511470173,0.20033813933950945,0.23995304976696155
category__HS2_40,0.5791240852239546,0.2104392396907211,0.24554952309523084
category__HS2_41,-0.0802498825399043,0.233865705435502,0.29415850558921397
category__HS2_42,0.9020780840449182,0.232124039610263,0.27059745225250736
category__HS2_43,0.43238516655808784,0.29365638244288456,0.33857940827081173
category__HS2_44,0.2234078305301554,0.21232641241874609,0.2573850695449749
category__HS2_45,0.41160825299795095,0.2953587134433085,0.3247203947810582
category__HS2_46,0.6709225351997076,0.3203237173760336,0.4247320744039123
category__HS2_47,-0.2995030422220573,0.2754514612174513,0.28764414279733685
category__HS2_48,0.40963218231903736,0.20946835028171015,0.2731199880683697
category__HS2_49,0.6296362422642287,0.21742710860854106,0.2510093341027921
category__HS2_50,0.5798803796929759,0.2495025183117647,0.2538748729741401
category__HS2_51,0.23444836210008116,0.2282392613475466,0.2663449224003427
category__HS2_52,0.27925167494084824,0.22985787229763913,0.26699421464343737
category__HS2_53,0.32347233353513827,0.24848948801870524,0.29270473920482215
category__HS2_54,0.5110469903365363,0.21607627865805717,0.23013040338140753
category__HS2_55,-0.0035159386214062486,0.22310257741175157,0.2674647293568046
category__HS2_56,0.7758377945524454,0.21452737696640253,0.2580373475910837
category__HS2_57,0.626710942255559,0.25390129057720895,0.2885197733727792
category__HS2_58,0.49647593640645266,0.22485757523135494,0.2674511645907263
category__HS2_59,0.6620320525790163,0.22392973598222463,0.2628975649662733
category__HS2_60,0.27252996133296126,0.24114602702964816,0.2902850082877998
category__HS2_61,0.6212346110701249,0.20216698750774023,0.2488162703351923
category__HS2_62,0.65021633183647,0.20129707172920472,0.25598471704724235
category__HS2_63,0.6226121555479401,0.21213235972954195,0.2450519828371195
category__HS2_64,0.41938071519154,0.22043320493381763,0.26827011306997894
category__HS2_65,0.8071395393239785,0.22784330306264852,0.286408757230548
category__HS2_66,0.5285615024586962,0.2538188428549217,0.29886890687800033
category__HS2_67,0.2823244543757133,0.26686470571061277,0.29228176281959656
category__HS2_68,0.4357311879831254,0.2158697253028022,0.2676196811596938
category__HS2_69,0.47936173947906197,0.2222674308118306,0.2768801509563375
category__HS2_70,0.5432321797125644,0.21271577105136666,0.26494957417999565
category__HS2_71,0.20758293846467282,0.2161574090672462,0.2554237558858744
category__HS2_72,0.38861103281778575,0.21162647059254322,0.2423632112198466
category__HS2_73,0.6200310277792065,0.20557550271440278,0.25559115772430646
category__HS2_74,0.44881367891485197,0.2172253894799264,0.27328625684535907
category__HS2_75,0.5078656193825337,0.258448127690636,0.3500656783190646
category__HS2_76,0.5876491436839683,0.2107871046007434,0.2627428552379517
category__HS2_78,0.318173788835065,0.33113561186143187,0.3556715077446936
category__HS2_79,-0.08973293065868584,0.2661870225527615,0.30367311070682895
category__HS2_80,-0.15759194536871912,0.31491454596857554,0.35421707558116994
category__HS2_81,0.5388362132762204,0.22809744204677398,0.2731770131749762
category__HS2_82,0.7040299836863321,0.20416076705066405,0.2557812199551779
category__HS2_83,0.7731015537266247,0.2087762322183573,0.25757951870637574
category__HS2_84,0.5869382798383525,0.20000498532397396,0.2429820558303406
category__HS2_85,0.7882784322908326,0.1988072908791166,0.24527148996856188
category__HS2_86,0.02465055933839799,0.2765552882727542,0.28862243478316335
category__HS2_87,0.2666104933029757,0.22117750115867585,0.2647194863218085
category__HS2_88,0.2219708839597941,0.30505960992414954,0.37053496687634463
category__HS2_89,0.06003632680040797,0.3230572136886585,0.33296338052390884
category__HS2_90,0.8507418332979924,0.20269241923588657,0.2593653991861221
category__HS2_91,0.2684184931806825,0.22864921631669075,0.26674529553851095
category__HS2_92,1.1118500624231176,0.23508020717630546,0.30006183493931304
category__HS2_93,0.3040864882060072,0.258169882987137,0.2590919222642033
category__HS2_94,0.7782261439552928,0.20648092060256082,0.2509489172539597
category__HS2_95,0.8565090913012268,0.20739862646675467,0.2553603979241892
category__HS2_96,0.7300665665074326,0.20736551957673818,0.23897487683036425
category__HS2_97,0.6643729075795807,0.2415706577996623,0.2983081417972883
category__HS2_99,2.6556755768289437,0.2850802167871026,0.33275267889045756
