iso2,HS4,actual_cad,observed_rank,hs4_rank,destination,description
US,2709,110821617128,1,1,United States,"Petroleum oils and oils obtained from bituminous minerals, crude.Note: The General Tariff rate that applies to goods of this tariff item is the Most-Favoured-Nation Tariff rate."
US,2711,11573399330,1,2,United States,Petroleum gases and other gaseous hydrocarbons.
US,0201,2845291330,1,3,United States,"Meat of bovine animals, fresh or chilled."
US,3901,2633249849,1,4,United States,"Polymers of ethylene, in primary forms."
US,2710,2129225218,1,5,United States,"Petroleum oils and oils obtained from bituminous minerals, other than crude; preparations not elsewhere specified or included, containing by weight 70% or more of petroleum oils or of oils obtained from bituminous minerals, these oils being the basic constituents of the preparations; waste oils."
CN,2709,6319506727,2,1,China,"Petroleum oils and oils obtained from bituminous minerals, crude.Note: The General Tariff rate that applies to goods of this tariff item is the Most-Favoured-Nation Tariff rate."
CN,2905,611199704,2,2,China,"Acyclic alcohols and their halogenated, sulphonated, nitrated or nitrosated derivatives."
CN,3901,588629882,2,3,China,"Polymers of ethylene, in primary forms."
CN,4703,437252541,2,4,China,"Chemical wood pulp, soda or sulphate, other than dissolving grades."
CN,1205,431047398,2,5,China,"Rape or colza seeds, whether or not broken."
JP,1205,364110921,3,1,Japan,"Rape or colza seeds, whether or not broken."
JP,0203,362000224,3,2,Japan,"Meat of swine, fresh, chilled or frozen."
JP,2701,345360432,3,3,Japan,"Coal; briquettes, ovoids and similar solid fuels manufactured from coal."
JP,1001,230736623,3,4,Japan,Wheat and meslin.
JP,0206,134731524,3,5,Japan,"Edible offal of bovine animals, swine, sheep, goats, horses, asses, mules or hinnies, fresh, chilled or frozen."
HK,2709,1215445736,4,1,Hong Kong,"Petroleum oils and oils obtained from bituminous minerals, crude.Note: The General Tariff rate that applies to goods of this tariff item is the Most-Favoured-Nation Tariff rate."
HK,3901,32948764,4,2,Hong Kong,"Polymers of ethylene, in primary forms."
HK,8517,28888635,4,3,Hong Kong,"Telephone sets, including smartphones and other telephones for cellular networks or for other wireless networks; other apparatus for the transmission or reception of voice, images or other data, including apparatus for communication in a wired or wireless network (such as a local or wide area network), other than transmission or reception apparatus of heading 84.43, 85.25, 85.27 or 85.28."
HK,7602,25766303,4,4,Hong Kong,Aluminum waste and scrap.
HK,2701,22700000,4,5,Hong Kong,"Coal; briquettes, ovoids and similar solid fuels manufactured from coal."
KR,2709,399927045,5,1,South Korea,"Petroleum oils and oils obtained from bituminous minerals, crude.Note: The General Tariff rate that applies to goods of this tariff item is the Most-Favoured-Nation Tariff rate."
KR,2701,179579657,5,2,South Korea,"Coal; briquettes, ovoids and similar solid fuels manufactured from coal."
KR,7502,125241838,5,3,South Korea,Unwrought nickel.
KR,0203,123515928,5,4,South Korea,"Meat of swine, fresh, chilled or frozen."
KR,0202,91377300,5,5,South Korea,"Meat of bovine animals, frozen."
SG,2709,1088166780,6,1,Singapore,"Petroleum oils and oils obtained from bituminous minerals, crude.Note: The General Tariff rate that applies to goods of this tariff item is the Most-Favoured-Nation Tariff rate."
SG,3901,42054007,6,2,Singapore,"Polymers of ethylene, in primary forms."
SG,8431,17182329,6,3,Singapore,Parts suitable for use solely or principally with the machinery of headings 84.25 to 84.30.
SG,7502,12803972,6,4,Singapore,Unwrought nickel.
SG,8412,4986717,6,5,Singapore,Other engines and motors.
MX,0201,231853363,7,1,Mexico,"Meat of bovine animals, fresh or chilled."
MX,1205,206313851,7,2,Mexico,"Rape or colza seeds, whether or not broken."
MX,1001,79099200,7,3,Mexico,Wheat and meslin.
MX,0206,67107907,7,4,Mexico,"Edible offal of bovine animals, swine, sheep, goats, horses, asses, mules or hinnies, fresh, chilled or frozen."
MX,0203,62532050,7,5,Mexico,"Meat of swine, fresh, chilled or frozen."
NL,7502,237632734,8,1,Netherlands,Unwrought nickel.
NL,2309,117699809,8,2,Netherlands,Preparations of a kind used in animal feeding.
NL,1205,54012966,8,3,Netherlands,"Rape or colza seeds, whether or not broken."
NL,8105,39899692,8,4,Netherlands,"Cobalt mattes and other intermediate products of cobalt metallurgy; cobalt and articles thereof, including waste and scrap."
NL,0201,14837969,8,5,Netherlands,"Meat of bovine animals, fresh or chilled."
PE,2710,286256811,9,1,Peru,"Petroleum oils and oils obtained from bituminous minerals, other than crude; preparations not elsewhere specified or included, containing by weight 70% or more of petroleum oils or of oils obtained from bituminous minerals, these oils being the basic constituents of the preparations; waste oils."
PE,1001,172856620,9,2,Peru,Wheat and meslin.
PE,1514,17654394,9,3,Peru,"Rape (canola), colza or mustard oil and fractions thereof, whether or not refined, but not chemically modified."
PE,8705,5233384,9,4,Peru,"Special purpose motor vehicles, other than those principally designed for the transport of persons or goods (for example, breakdown lorries (wreckers), crane lorries (mobile cranes), fire fighting vehicles, concrete mixer lorries (concrete-mixers), road sweeper lorries (road sweepers), spraying lorries (spraying vehicles), mobile workshops, mobile radiological units)."
PE,8431,4547983,9,5,Peru,Parts suitable for use solely or principally with the machinery of headings 84.25 to 84.30.
ID,1001,258215425,10,1,Indonesia,Wheat and meslin.
ID,2503,98721609,10,2,Indonesia,"Sulphur of all kinds, other than sublimed sulphur, precipitated sulphur and colloidal sulphur."
ID,2301,38511659,10,3,Indonesia,"Flours, meals and pellets, of meat or meat offal, of fish or of crustaceans, molluscs or other aquatic invertebrates, unfit for human consumption; greaves."
ID,3901,13344168,10,4,Indonesia,"Polymers of ethylene, in primary forms."
ID,4705,7801859,10,5,Indonesia,Wood pulp obtained by a combination of mechanical and chemical pulping processes.
